--------------------------------------------------------
--  File created - Thursday-March-02-2023   
--------------------------------------------------------
--------------------------------------------------------
--  DDL for Table CHITIETHOADON
--------------------------------------------------------
  CREATE TABLE "CHITIETHOADON" 
   (	"SOLUONG" NUMBER(10,0), 
	"THANHTIEN" FLOAT(126), 
	"HOADONMAHD" VARCHAR2(10 BYTE), 
	"THUCDONMAMON" VARCHAR2(10 BYTE)
   ) SEGMENT CREATION IMMEDIATE 
  PCTFREE 10 PCTUSED 40 INITRANS 1 MAXTRANS 255 
 NOCOMPRESS LOGGING
  STORAGE(INITIAL 65536 NEXT 1048576 MINEXTENTS 1 MAXEXTENTS 2147483645
  PCTINCREASE 0 FREELISTS 1 FREELIST GROUPS 1
  BUFFER_POOL DEFAULT FLASH_CACHE DEFAULT CELL_FLASH_CACHE DEFAULT)
  TABLESPACE "USERS" ;
--------------------------------------------------------
--  DDL for Table CHITIETPHIEUNHAP
--------------------------------------------------------

  CREATE TABLE "CHITIETPHIEUNHAP" 
   (	"SOLUONG" NUMBER(10,0), 
	"GIANHAP" FLOAT(126), 
	"TENNCC" NVARCHAR2(255), 
	"NGAYNHAP" DATE, 
	"NGUYENLIEUMANL" VARCHAR2(10 BYTE), 
	"PHIEUNHAPMAPN" VARCHAR2(10 BYTE)
   ) SEGMENT CREATION IMMEDIATE 
  PCTFREE 10 PCTUSED 40 INITRANS 1 MAXTRANS 255 
 NOCOMPRESS LOGGING
  STORAGE(INITIAL 65536 NEXT 1048576 MINEXTENTS 1 MAXEXTENTS 2147483645
  PCTINCREASE 0 FREELISTS 1 FREELIST GROUPS 1
  BUFFER_POOL DEFAULT FLASH_CACHE DEFAULT CELL_FLASH_CACHE DEFAULT)
  TABLESPACE "USERS" ;
--------------------------------------------------------
--  DDL for Table CHITIETXUAT
--------------------------------------------------------

  CREATE TABLE "CHITIETXUAT" 
   (	"KHONGUYENLIEUMANL" VARCHAR2(10 BYTE), 
	"XUATNGUYENLIEUMAXUAT" VARCHAR2(10 BYTE), 
	"SOLUONG" NUMBER(10,0), 
	"DONVI" NVARCHAR2(50)
   ) SEGMENT CREATION IMMEDIATE 
  PCTFREE 10 PCTUSED 40 INITRANS 1 MAXTRANS 255 
 NOCOMPRESS LOGGING
  STORAGE(INITIAL 65536 NEXT 1048576 MINEXTENTS 1 MAXEXTENTS 2147483645
  PCTINCREASE 0 FREELISTS 1 FREELIST GROUPS 1
  BUFFER_POOL DEFAULT FLASH_CACHE DEFAULT CELL_FLASH_CACHE DEFAULT)
  TABLESPACE "USERS" ;
--------------------------------------------------------
--  DDL for Table HOADON
--------------------------------------------------------

  CREATE TABLE "HOADON" 
   (	"MAHD" VARCHAR2(10 BYTE), 
	"NGAYLAP" DATE, 
	"TONGTIENVAT" FLOAT(126), 
	"HINHTHUC" VARCHAR2(100 BYTE), 
	"KHACHHANGMAKH" VARCHAR2(10 BYTE), 
	"KHUYENMAIMAKM" VARCHAR2(10 BYTE), 
	"NHANVIENMANV" VARCHAR2(10 BYTE)
   ) SEGMENT CREATION IMMEDIATE 
  PCTFREE 10 PCTUSED 40 INITRANS 1 MAXTRANS 255 
 NOCOMPRESS LOGGING
  STORAGE(INITIAL 65536 NEXT 1048576 MINEXTENTS 1 MAXEXTENTS 2147483645
  PCTINCREASE 0 FREELISTS 1 FREELIST GROUPS 1
  BUFFER_POOL DEFAULT FLASH_CACHE DEFAULT CELL_FLASH_CACHE DEFAULT)
  TABLESPACE "USERS" ;
--------------------------------------------------------
--  DDL for Table KHACHHANG
--------------------------------------------------------

  CREATE TABLE "KHACHHANG" 
   (	"MAKH" VARCHAR2(10 BYTE), 
	"TENKH" NVARCHAR2(255), 
	"GIOITINH" NVARCHAR2(5), 
	"SDT" VARCHAR2(10 BYTE), 
	"DIEMTICHLUY" NUMBER(10,0), 
	"HSD" DATE
   ) SEGMENT CREATION IMMEDIATE 
  PCTFREE 10 PCTUSED 40 INITRANS 1 MAXTRANS 255 
 NOCOMPRESS LOGGING
  STORAGE(INITIAL 65536 NEXT 1048576 MINEXTENTS 1 MAXEXTENTS 2147483645
  PCTINCREASE 0 FREELISTS 1 FREELIST GROUPS 1
  BUFFER_POOL DEFAULT FLASH_CACHE DEFAULT CELL_FLASH_CACHE DEFAULT)
  TABLESPACE "USERS" ;
--------------------------------------------------------
--  DDL for Table KHONGUYENLIEU
--------------------------------------------------------

  CREATE TABLE  "KHONGUYENLIEU" 
   (	"MANL" VARCHAR2(10 BYTE), 
	"TENNL" NVARCHAR2(255), 
	"SOLUONG" NUMBER(10,0), 
	"DONVI" VARCHAR2(10 BYTE)
   ) SEGMENT CREATION IMMEDIATE 
  PCTFREE 10 PCTUSED 40 INITRANS 1 MAXTRANS 255 
 NOCOMPRESS LOGGING
  STORAGE(INITIAL 65536 NEXT 1048576 MINEXTENTS 1 MAXEXTENTS 2147483645
  PCTINCREASE 0 FREELISTS 1 FREELIST GROUPS 1
  BUFFER_POOL DEFAULT FLASH_CACHE DEFAULT CELL_FLASH_CACHE DEFAULT)
  TABLESPACE "USERS" ;
--------------------------------------------------------
--  DDL for Table KHUYENMAI
--------------------------------------------------------

  CREATE TABLE "KHUYENMAI" 
   (	"MAKM" VARCHAR2(10 BYTE), 
	"TENKM" NVARCHAR2(255), 
	"TILE" FLOAT(10)
   ) SEGMENT CREATION IMMEDIATE 
  PCTFREE 10 PCTUSED 40 INITRANS 1 MAXTRANS 255 
 NOCOMPRESS LOGGING
  STORAGE(INITIAL 65536 NEXT 1048576 MINEXTENTS 1 MAXEXTENTS 2147483645
  PCTINCREASE 0 FREELISTS 1 FREELIST GROUPS 1
  BUFFER_POOL DEFAULT FLASH_CACHE DEFAULT CELL_FLASH_CACHE DEFAULT)
  TABLESPACE "USERS" ;
--------------------------------------------------------
--  DDL for Table NHANVIEN
--------------------------------------------------------

  CREATE TABLE  "NHANVIEN" 
   (	"MANV" VARCHAR2(10 BYTE), 
	"TENNV" NVARCHAR2(50), 
	"SDT" VARCHAR2(10 BYTE), 
	"GIOITINH" NVARCHAR2(5), 
	"TAIKHOAN" VARCHAR2(50 BYTE), 
	"ANHCANHAN" BLOB
   ) SEGMENT CREATION IMMEDIATE 
  PCTFREE 10 PCTUSED 40 INITRANS 1 MAXTRANS 255 
 NOCOMPRESS LOGGING
  STORAGE(INITIAL 65536 NEXT 1048576 MINEXTENTS 1 MAXEXTENTS 2147483645
  PCTINCREASE 0 FREELISTS 1 FREELIST GROUPS 1
  BUFFER_POOL DEFAULT FLASH_CACHE DEFAULT CELL_FLASH_CACHE DEFAULT)
  TABLESPACE "USERS" 
 LOB ("ANHCANHAN") STORE AS SECUREFILE (
  TABLESPACE "USERS" ENABLE STORAGE IN ROW CHUNK 8192
  NOCACHE LOGGING  NOCOMPRESS  KEEP_DUPLICATES 
  STORAGE(INITIAL 106496 NEXT 1048576 MINEXTENTS 1 MAXEXTENTS 2147483645
  PCTINCREASE 0
  BUFFER_POOL DEFAULT FLASH_CACHE DEFAULT CELL_FLASH_CACHE DEFAULT)) ;
--------------------------------------------------------
--  DDL for Table PHANLOAI 
--------------------------------------------------------

  CREATE TABLE "PHANLOAI" 
   (	"MALOAI" VARCHAR2(10 BYTE), 
	"TENLOAI" NVARCHAR2(255)
   ) SEGMENT CREATION IMMEDIATE 
  PCTFREE 10 PCTUSED 40 INITRANS 1 MAXTRANS 255 
 NOCOMPRESS LOGGING
  STORAGE(INITIAL 65536 NEXT 1048576 MINEXTENTS 1 MAXEXTENTS 2147483645
  PCTINCREASE 0 FREELISTS 1 FREELIST GROUPS 1
  BUFFER_POOL DEFAULT FLASH_CACHE DEFAULT CELL_FLASH_CACHE DEFAULT)
  TABLESPACE "USERS" ;
--------------------------------------------------------
--  DDL for Table PHIEUNHAP
--------------------------------------------------------

  CREATE TABLE  "PHIEUNHAP" 
   (	"MAPN" VARCHAR2(10 BYTE), 
	"NGAYNHAP" DATE, 
	"NHANVIENMANV" VARCHAR2(10 BYTE)
   ) SEGMENT CREATION IMMEDIATE 
  PCTFREE 10 PCTUSED 40 INITRANS 1 MAXTRANS 255 
 NOCOMPRESS LOGGING
  STORAGE(INITIAL 65536 NEXT 1048576 MINEXTENTS 1 MAXEXTENTS 2147483645
  PCTINCREASE 0 FREELISTS 1 FREELIST GROUPS 1
  BUFFER_POOL DEFAULT FLASH_CACHE DEFAULT CELL_FLASH_CACHE DEFAULT)
  TABLESPACE "USERS" ;
--------------------------------------------------------
--  DDL for Table THUCDON
--------------------------------------------------------

  CREATE TABLE "THUCDON" 
   (	"MAMON" VARCHAR2(10 BYTE), 
	"TENMON" NVARCHAR2(200), 
	"GIA" FLOAT(126), 
	"KICHCO" VARCHAR2(2 BYTE), 
	"TRANGTHAI" RAW(2), 
	"MOTA" NVARCHAR2(800), 
	"PHANLOAIMALOAI" VARCHAR2(10 BYTE), 
	"HINHANH" BLOB, 
	"VIDEOGIOITHIEU" BLOB
   ) SEGMENT CREATION IMMEDIATE 
  PCTFREE 10 PCTUSED 40 INITRANS 1 MAXTRANS 255 
 NOCOMPRESS LOGGING
  STORAGE(INITIAL 65536 NEXT 1048576 MINEXTENTS 1 MAXEXTENTS 2147483645
  PCTINCREASE 0 FREELISTS 1 FREELIST GROUPS 1
  BUFFER_POOL DEFAULT FLASH_CACHE DEFAULT CELL_FLASH_CACHE DEFAULT)
  TABLESPACE "USERS" 
 LOB ("HINHANH") STORE AS SECUREFILE (
  TABLESPACE "USERS" ENABLE STORAGE IN ROW CHUNK 8192
  NOCACHE LOGGING  NOCOMPRESS  KEEP_DUPLICATES 
  STORAGE(INITIAL 106496 NEXT 1048576 MINEXTENTS 1 MAXEXTENTS 2147483645
  PCTINCREASE 0
  BUFFER_POOL DEFAULT FLASH_CACHE DEFAULT CELL_FLASH_CACHE DEFAULT)) 
 LOB ("VIDEOGIOITHIEU") STORE AS SECUREFILE (
  TABLESPACE "USERS" ENABLE STORAGE IN ROW CHUNK 8192
  NOCACHE LOGGING  NOCOMPRESS  KEEP_DUPLICATES 
  STORAGE(INITIAL 106496 NEXT 1048576 MINEXTENTS 1 MAXEXTENTS 2147483645
  PCTINCREASE 0
  BUFFER_POOL DEFAULT FLASH_CACHE DEFAULT CELL_FLASH_CACHE DEFAULT)) ;
--------------------------------------------------------
--  DDL for Table XUATNGUYENLIEU
--------------------------------------------------------

  CREATE TABLE "XUATNGUYENLIEU" 
   (	"MAXUAT" VARCHAR2(10 BYTE), 
	"NGAYXUAT" DATE, 
	"NHANVIENMANV" VARCHAR2(10 BYTE)
   ) SEGMENT CREATION IMMEDIATE 
  PCTFREE 10 PCTUSED 40 INITRANS 1 MAXTRANS 255 
 NOCOMPRESS LOGGING
  STORAGE(INITIAL 65536 NEXT 1048576 MINEXTENTS 1 MAXEXTENTS 2147483645
  PCTINCREASE 0 FREELISTS 1 FREELIST GROUPS 1
  BUFFER_POOL DEFAULT FLASH_CACHE DEFAULT CELL_FLASH_CACHE DEFAULT)
  TABLESPACE "USERS" ;
REM INSERTING into CHITIETHOADON
SET DEFINE OFF;
Insert into CHITIETHOADON (SOLUONG,THANHTIEN,HOADONMAHD,THUCDONMAMON) values (4,null,'HD001','TD002');
Insert into CHITIETHOADON (SOLUONG,THANHTIEN,HOADONMAHD,THUCDONMAMON) values (2,null,'HD002','TD004');
Insert into CHITIETHOADON (SOLUONG,THANHTIEN,HOADONMAHD,THUCDONMAMON) values (1,null,'HD003','TD001');
Insert into CHITIETHOADON (SOLUONG,THANHTIEN,HOADONMAHD,THUCDONMAMON) values (7,null,'HD004','TD009');
Insert into CHITIETHOADON (SOLUONG,THANHTIEN,HOADONMAHD,THUCDONMAMON) values (4,null,'HD005','TD008');
Insert into CHITIETHOADON (SOLUONG,THANHTIEN,HOADONMAHD,THUCDONMAMON) values (2,null,'HD006','TD013');
Insert into CHITIETHOADON (SOLUONG,THANHTIEN,HOADONMAHD,THUCDONMAMON) values (1,null,'HD007','TD015');
Insert into CHITIETHOADON (SOLUONG,THANHTIEN,HOADONMAHD,THUCDONMAMON) values (4,null,'HD008','TD007');
Insert into CHITIETHOADON (SOLUONG,THANHTIEN,HOADONMAHD,THUCDONMAMON) values (5,null,'HD009','TD028');
Insert into CHITIETHOADON (SOLUONG,THANHTIEN,HOADONMAHD,THUCDONMAMON) values (2,null,'HD010','TD019');
Insert into CHITIETHOADON (SOLUONG,THANHTIEN,HOADONMAHD,THUCDONMAMON) values (1,null,'HD011','TD021');
Insert into CHITIETHOADON (SOLUONG,THANHTIEN,HOADONMAHD,THUCDONMAMON) values (4,null,'HD013','TD009');
Insert into CHITIETHOADON (SOLUONG,THANHTIEN,HOADONMAHD,THUCDONMAMON) values (9,null,'HD014','TD005');
Insert into CHITIETHOADON (SOLUONG,THANHTIEN,HOADONMAHD,THUCDONMAMON) values (4,null,'HD015','TD003');
Insert into CHITIETHOADON (SOLUONG,THANHTIEN,HOADONMAHD,THUCDONMAMON) values (7,null,'HD016','TD011');
Insert into CHITIETHOADON (SOLUONG,THANHTIEN,HOADONMAHD,THUCDONMAMON) values (9,null,'HD017','TD014');
Insert into CHITIETHOADON (SOLUONG,THANHTIEN,HOADONMAHD,THUCDONMAMON) values (2,null,'HD018','TD012');
Insert into CHITIETHOADON (SOLUONG,THANHTIEN,HOADONMAHD,THUCDONMAMON) values (6,null,'HD019','TD015');
Insert into CHITIETHOADON (SOLUONG,THANHTIEN,HOADONMAHD,THUCDONMAMON) values (7,null,'HD020','TD022');
Insert into CHITIETHOADON (SOLUONG,THANHTIEN,HOADONMAHD,THUCDONMAMON) values (3,null,'HD021','TD024');
Insert into CHITIETHOADON (SOLUONG,THANHTIEN,HOADONMAHD,THUCDONMAMON) values (9,null,'HD022','TD023');
Insert into CHITIETHOADON (SOLUONG,THANHTIEN,HOADONMAHD,THUCDONMAMON) values (3,null,'HD023','TD025');
Insert into CHITIETHOADON (SOLUONG,THANHTIEN,HOADONMAHD,THUCDONMAMON) values (5,null,'HD024','TD026');
Insert into CHITIETHOADON (SOLUONG,THANHTIEN,HOADONMAHD,THUCDONMAMON) values (6,null,'HD025','TD030');
Insert into CHITIETHOADON (SOLUONG,THANHTIEN,HOADONMAHD,THUCDONMAMON) values (2,null,'HD026','TD027');
Insert into CHITIETHOADON (SOLUONG,THANHTIEN,HOADONMAHD,THUCDONMAMON) values (4,null,'HD027','TD014');
Insert into CHITIETHOADON (SOLUONG,THANHTIEN,HOADONMAHD,THUCDONMAMON) values (5,null,'HD028','TD029');
Insert into CHITIETHOADON (SOLUONG,THANHTIEN,HOADONMAHD,THUCDONMAMON) values (1,null,'HD029','TD021');
Insert into CHITIETHOADON (SOLUONG,THANHTIEN,HOADONMAHD,THUCDONMAMON) values (7,null,'HD030','TD007');
Insert into CHITIETHOADON (SOLUONG,THANHTIEN,HOADONMAHD,THUCDONMAMON) values (6,null,'HD031','TD001');
Insert into CHITIETHOADON (SOLUONG,THANHTIEN,HOADONMAHD,THUCDONMAMON) values (4,null,'HD032','TD005');
Insert into CHITIETHOADON (SOLUONG,THANHTIEN,HOADONMAHD,THUCDONMAMON) values (3,null,'HD033','TD010');

REM INSERTING into CHITIETPHIEUNHAP
SET DEFINE OFF;
Insert into CHITIETPHIEUNHAP (SOLUONG,GIANHAP,TENNCC,NGAYNHAP,NGUYENLIEUMANL,PHIEUNHAPMAPN) values (300,60000000,'C√¥ng ty TNHH d·ªãch v·ª•  Trung Nguy√™n',to_date('10-OCT-23','DD-MON-RR'),'NL001','PN001');
Insert into CHITIETPHIEUNHAP (SOLUONG,GIANHAP,TENNCC,NGAYNHAP,NGUYENLIEUMANL,PHIEUNHAPMAPN) values (150,3000000,'C√¥ng ty TNHH d·ªãch v·ª• V·∫°n Ph√∫ Vƒ©nh An ',to_date('24-NOV-23','DD-MON-RR'),'NL002','PN002');
Insert into CHITIETPHIEUNHAP (SOLUONG,GIANHAP,TENNCC,NGAYNHAP,NGUYENLIEUMANL,PHIEUNHAPMAPN) values (30,450000,'C√¥ng ty TNHH d·ªãch v·ª• X√ÇY D·ª∞NG √?NH SAO',to_date('28-FEB-23','DD-MON-RR'),'NL003','PN003');
Insert into CHITIETPHIEUNHAP (SOLUONG,GIANHAP,TENNCC,NGAYNHAP,NGUYENLIEUMANL,PHIEUNHAPMAPN) values (20,520000,'C√¥ng ty TNHH d·ªãch v·ª• Vinamilk',to_date('14-AUG-23','DD-MON-RR'),'NL004','PN004');
Insert into CHITIETPHIEUNHAP (SOLUONG,GIANHAP,TENNCC,NGAYNHAP,NGUYENLIEUMANL,PHIEUNHAPMAPN) values (15,600000,'C√¥ng ty TNHH d·ªãch v·ª• Vinamilk',to_date('23-NOV-23','DD-MON-RR'),'NL005','PN005');
Insert into CHITIETPHIEUNHAP (SOLUONG,GIANHAP,TENNCC,NGAYNHAP,NGUYENLIEUMANL,PHIEUNHAPMAPN) values (20,1200000,'C√¥ng Ty TNHH Th∆∞∆°ng M·∫°i L√° Phong',to_date('23-NOV-23','DD-MON-RR'),'NL006','PN006');
Insert into CHITIETPHIEUNHAP (SOLUONG,GIANHAP,TENNCC,NGAYNHAP,NGUYENLIEUMANL,PHIEUNHAPMAPN) values (50,1750000,'C√¥ng ty TNHH Dotea',to_date('22-OCT-23','DD-MON-RR'),'NL007','PN007');
Insert into CHITIETPHIEUNHAP (SOLUONG,GIANHAP,TENNCC,NGAYNHAP,NGUYENLIEUMANL,PHIEUNHAPMAPN) values (200,100000000,'C√¥ng ty TNHH d·ªãch v·ª•  Trung Nguy√™n',to_date('10-DEC-23','DD-MON-RR'),'NL008','PN008');
Insert into CHITIETPHIEUNHAP (SOLUONG,GIANHAP,TENNCC,NGAYNHAP,NGUYENLIEUMANL,PHIEUNHAPMAPN) values (20,1400000,'C√¥ng ty TNHH d·ªãch v·ª• Vinamilk',to_date('10-DEC-23','DD-MON-RR'),'NL009','PN009');
Insert into CHITIETPHIEUNHAP (SOLUONG,GIANHAP,TENNCC,NGAYNHAP,NGUYENLIEUMANL,PHIEUNHAPMAPN) values (20,1000000,'C√¥ng ty TNHH d·ªãch v·ª• Vinamilk',to_date('10-DEC-23','DD-MON-RR'),'NL010','PN010');
Insert into CHITIETPHIEUNHAP (SOLUONG,GIANHAP,TENNCC,NGAYNHAP,NGUYENLIEUMANL,PHIEUNHAPMAPN) values (30,1350000,'C√¥ng ty TNHH d·ªãch v·ª• Vinamilk',to_date('10-DEC-23','DD-MON-RR'),'NL011','PN011');
Insert into CHITIETPHIEUNHAP (SOLUONG,GIANHAP,TENNCC,NGAYNHAP,NGUYENLIEUMANL,PHIEUNHAPMAPN) values (30,1080000,'¬†C√¥ng ty TNHH Th∆∞∆°ng M·∫°i L√° Phong',to_date('28-FEB-23','DD-MON-RR'),'NL012','PN012');
Insert into CHITIETPHIEUNHAP (SOLUONG,GIANHAP,TENNCC,NGAYNHAP,NGUYENLIEUMANL,PHIEUNHAPMAPN) values (5,600000,'C√¥ng ty TNHH s·∫£n xu·∫•t b√°nh k·∫πo ',to_date('20-JUL-23','DD-MON-RR'),'NL013','PN013');
Insert into CHITIETPHIEUNHAP (SOLUONG,GIANHAP,TENNCC,NGAYNHAP,NGUYENLIEUMANL,PHIEUNHAPMAPN) values (5,650000,'C√¥ng ty TNHH s·∫£n xu·∫•t b√°nh k·∫πo ',to_date('25-DEC-23','DD-MON-RR'),'NL014','PN014');
Insert into CHITIETPHIEUNHAP (SOLUONG,GIANHAP,TENNCC,NGAYNHAP,NGUYENLIEUMANL,PHIEUNHAPMAPN) values (20,1350000,'¬†C√¥ng ty TNHH Th∆∞∆°ng M·∫°i L√° Phong',to_date('26-NOV-23','DD-MON-RR'),'NL015','PN015');
Insert into CHITIETPHIEUNHAP (SOLUONG,GIANHAP,TENNCC,NGAYNHAP,NGUYENLIEUMANL,PHIEUNHAPMAPN) values (10,480000,'¬†C√¥ng ty TNHH Th∆∞∆°ng M·∫°i L√° Phong',to_date('28-FEB-23','DD-MON-RR'),'NL016','PN016');
Insert into CHITIETPHIEUNHAP (SOLUONG,GIANHAP,TENNCC,NGAYNHAP,NGUYENLIEUMANL,PHIEUNHAPMAPN) values (15,100000000,'C√¥ng ty TNHH d·ªãch v·ª• Vinamilk',to_date('22-SEP-23','DD-MON-RR'),'NL017','PN017');
Insert into CHITIETPHIEUNHAP (SOLUONG,GIANHAP,TENNCC,NGAYNHAP,NGUYENLIEUMANL,PHIEUNHAPMAPN) values (25,1625000,'C√¥ng ty TNHH d·ªãch v·ª• Vinamilk',to_date('22-SEP-23','DD-MON-RR'),'NL018','PN018');
Insert into CHITIETPHIEUNHAP (SOLUONG,GIANHAP,TENNCC,NGAYNHAP,NGUYENLIEUMANL,PHIEUNHAPMAPN) values (15,825000,'C√¥ng ty TNHH d·ªãch v·ª• Vinamilk',to_date('28-DEC-23','DD-MON-RR'),'NL019','PN019');
Insert into CHITIETPHIEUNHAP (SOLUONG,GIANHAP,TENNCC,NGAYNHAP,NGUYENLIEUMANL,PHIEUNHAPMAPN) values (15,1125000,'C√¥ng Ty TNHH Th∆∞∆°ng M·∫°i L√° Phong',to_date('22-SEP-23','DD-MON-RR'),'NL020','PN020');
Insert into CHITIETPHIEUNHAP (SOLUONG,GIANHAP,TENNCC,NGAYNHAP,NGUYENLIEUMANL,PHIEUNHAPMAPN) values (25,625000,'C√¥ng ty TNHH d·ªãch v·ª• Vinamilk',to_date('22-SEP-23','DD-MON-RR'),'NL021','PN021');
Insert into CHITIETPHIEUNHAP (SOLUONG,GIANHAP,TENNCC,NGAYNHAP,NGUYENLIEUMANL,PHIEUNHAPMAPN) values (20,980000,'C√¥ng ty TNHH Dotea',to_date('28-FEB-23','DD-MON-RR'),'NL022','PN022');
Insert into CHITIETPHIEUNHAP (SOLUONG,GIANHAP,TENNCC,NGAYNHAP,NGUYENLIEUMANL,PHIEUNHAPMAPN) values (25,1625000,'C√¥ng ty TNHH Dotea',to_date('23-NOV-23','DD-MON-RR'),'NL023','PN023');
Insert into CHITIETPHIEUNHAP (SOLUONG,GIANHAP,TENNCC,NGAYNHAP,NGUYENLIEUMANL,PHIEUNHAPMAPN) values (30,1350000,'C√¥ng ty TNHH Dotea',to_date('26-NOV-23','DD-MON-RR'),'NL024','PN024');
REM INSERTING into CHITIETXUAT
SET DEFINE OFF;
Insert into CHITIETXUAT (KHONGUYENLIEUMANL,XUATNGUYENLIEUMAXUAT,SOLUONG,DONVI) values ('NL001','MX001',300,'Bao');
Insert into CHITIETXUAT (KHONGUYENLIEUMANL,XUATNGUYENLIEUMAXUAT,SOLUONG,DONVI) values ('NL002','MX002',150,'Bao');
Insert into CHITIETXUAT (KHONGUYENLIEUMANL,XUATNGUYENLIEUMAXUAT,SOLUONG,DONVI) values ('NL003','MX003',30,'Bao');
Insert into CHITIETXUAT (KHONGUYENLIEUMANL,XUATNGUYENLIEUMAXUAT,SOLUONG,DONVI) values ('NL004','MX004',20,'Lon');
Insert into CHITIETXUAT (KHONGUYENLIEUMANL,XUATNGUYENLIEUMAXUAT,SOLUONG,DONVI) values ('NL005','MX005',15,'Th√πng');
Insert into CHITIETXUAT (KHONGUYENLIEUMANL,XUATNGUYENLIEUMAXUAT,SOLUONG,DONVI) values ('NL006','MX006',20,'Bao');
Insert into CHITIETXUAT (KHONGUYENLIEUMANL,XUATNGUYENLIEUMAXUAT,SOLUONG,DONVI) values ('NL007','MX007',50,'H·ªôp');
Insert into CHITIETXUAT (KHONGUYENLIEUMANL,XUATNGUYENLIEUMAXUAT,SOLUONG,DONVI) values ('NL008','MX008',200,'Bao');
Insert into CHITIETXUAT (KHONGUYENLIEUMANL,XUATNGUYENLIEUMAXUAT,SOLUONG,DONVI) values ('NL009','MX009',20,'H·ªôp');
Insert into CHITIETXUAT (KHONGUYENLIEUMANL,XUATNGUYENLIEUMAXUAT,SOLUONG,DONVI) values ('NL010','MX010',20,'Chai');
Insert into CHITIETXUAT (KHONGUYENLIEUMANL,XUATNGUYENLIEUMAXUAT,SOLUONG,DONVI) values ('NL011','MX011',30,'Chai');
Insert into CHITIETXUAT (KHONGUYENLIEUMANL,XUATNGUYENLIEUMAXUAT,SOLUONG,DONVI) values ('NL012','MX012',30,'Lon');
Insert into CHITIETXUAT (KHONGUYENLIEUMANL,XUATNGUYENLIEUMAXUAT,SOLUONG,DONVI) values ('NL013','MX013',5,'Th√πng');
Insert into CHITIETXUAT (KHONGUYENLIEUMANL,XUATNGUYENLIEUMAXUAT,SOLUONG,DONVI) values ('NL014','MX014',5,'Th√πng');
Insert into CHITIETXUAT (KHONGUYENLIEUMANL,XUATNGUYENLIEUMAXUAT,SOLUONG,DONVI) values ('NL015','MX015',20,'Lon');
Insert into CHITIETXUAT (KHONGUYENLIEUMANL,XUATNGUYENLIEUMAXUAT,SOLUONG,DONVI) values ('NL016','MX016',10,'Lon');
Insert into CHITIETXUAT (KHONGUYENLIEUMANL,XUATNGUYENLIEUMAXUAT,SOLUONG,DONVI) values ('NL017','MX017',15,'Chai');
Insert into CHITIETXUAT (KHONGUYENLIEUMANL,XUATNGUYENLIEUMAXUAT,SOLUONG,DONVI) values ('NL018','MX018',25,'H·ªôp');
Insert into CHITIETXUAT (KHONGUYENLIEUMANL,XUATNGUYENLIEUMAXUAT,SOLUONG,DONVI) values ('NL019','MX019',15,'H·ªôp');
Insert into CHITIETXUAT (KHONGUYENLIEUMANL,XUATNGUYENLIEUMAXUAT,SOLUONG,DONVI) values ('NL020','MX020',15,'Bao');
Insert into CHITIETXUAT (KHONGUYENLIEUMANL,XUATNGUYENLIEUMAXUAT,SOLUONG,DONVI) values ('NL021','MX021',25,'Bao');
Insert into CHITIETXUAT (KHONGUYENLIEUMANL,XUATNGUYENLIEUMAXUAT,SOLUONG,DONVI) values ('NL022','MX022',20,'H·ªôp');
Insert into CHITIETXUAT (KHONGUYENLIEUMANL,XUATNGUYENLIEUMAXUAT,SOLUONG,DONVI) values ('NL023','MX023',25,'H·ªôp');
Insert into CHITIETXUAT (KHONGUYENLIEUMANL,XUATNGUYENLIEUMAXUAT,SOLUONG,DONVI) values ('NL024','MX024',30,'H·ªôp');
REM INSERTING into HOADON
SET DEFINE OFF;
Insert into HOADON (MAHD,NGAYLAP,TONGTIENVAT,HINHTHUC,KHACHHANGMAKH,KHUYENMAIMAKM,NHANVIENMANV) values ('HD001',to_date('08-MAR-22','DD-MON-RR'),null,'Ti·ª?n m·∫∑t','KH001','KM003','NV001');
Insert into HOADON (MAHD,NGAYLAP,TONGTIENVAT,HINHTHUC,KHACHHANGMAKH,KHUYENMAIMAKM,NHANVIENMANV) values ('HD002',to_date('08-MAR-22','DD-MON-RR'),null,'Ti·ª?n m·∫∑t','KH002','KM003','NV001');
Insert into HOADON (MAHD,NGAYLAP,TONGTIENVAT,HINHTHUC,KHACHHANGMAKH,KHUYENMAIMAKM,NHANVIENMANV) values ('HD003',to_date('01-APR-22','DD-MON-RR'),null,'Ti·ª?n m·∫∑t','KH005',null,'NV004');
Insert into HOADON (MAHD,NGAYLAP,TONGTIENVAT,HINHTHUC,KHACHHANGMAKH,KHUYENMAIMAKM,NHANVIENMANV) values ('HD004',to_date('09-APR-22','DD-MON-RR'),null,'Ti·ª?n m·∫∑t','KH004',null,'NV003');
Insert into HOADON (MAHD,NGAYLAP,TONGTIENVAT,HINHTHUC,KHACHHANGMAKH,KHUYENMAIMAKM,NHANVIENMANV) values ('HD005',to_date('30-APR-22','DD-MON-RR'),null,'Chuy·ªÉn kho·∫£n','KH005','KM004','NV005');
Insert into HOADON (MAHD,NGAYLAP,TONGTIENVAT,HINHTHUC,KHACHHANGMAKH,KHUYENMAIMAKM,NHANVIENMANV) values ('HD006',to_date('30-APR-22','DD-MON-RR'),null,'Chuy·ªÉn kho·∫£n','KH006','KM004','NV005');
Insert into HOADON (MAHD,NGAYLAP,TONGTIENVAT,HINHTHUC,KHACHHANGMAKH,KHUYENMAIMAKM,NHANVIENMANV) values ('HD007',to_date('03-MAY-22','DD-MON-RR'),null,'Chuy·ªÉn kho·∫£n','KH008',null,'NV003');
Insert into HOADON (MAHD,NGAYLAP,TONGTIENVAT,HINHTHUC,KHACHHANGMAKH,KHUYENMAIMAKM,NHANVIENMANV) values ('HD008',to_date('19-MAY-22','DD-MON-RR'),null,'Chuy·ªÉn kho·∫£n','KH008',null,'NV009');
Insert into HOADON (MAHD,NGAYLAP,TONGTIENVAT,HINHTHUC,KHACHHANGMAKH,KHUYENMAIMAKM,NHANVIENMANV) values ('HD009',to_date('09-JUN-22','DD-MON-RR'),null,'Chuy·ªÉn kho·∫£n','KH009',null,'NV007');
Insert into HOADON (MAHD,NGAYLAP,TONGTIENVAT,HINHTHUC,KHACHHANGMAKH,KHUYENMAIMAKM,NHANVIENMANV) values ('HD010',to_date('18-JUN-22','DD-MON-RR'),null,'Ti·ª?n m·∫∑t','KH010',null,'NV010');
Insert into HOADON (MAHD,NGAYLAP,TONGTIENVAT,HINHTHUC,KHACHHANGMAKH,KHUYENMAIMAKM,NHANVIENMANV) values ('HD011',to_date('16-JUL-22','DD-MON-RR'),null,'Ti·ª?n m·∫∑t','KH011',null,'NV008');
Insert into HOADON (MAHD,NGAYLAP,TONGTIENVAT,HINHTHUC,KHACHHANGMAKH,KHUYENMAIMAKM,NHANVIENMANV) values ('HD012',to_date('17-AUG-22','DD-MON-RR'),null,'Chuy·ªÉn kho·∫£n','KH002','KM005','NV003');
Insert into HOADON (MAHD,NGAYLAP,TONGTIENVAT,HINHTHUC,KHACHHANGMAKH,KHUYENMAIMAKM,NHANVIENMANV) values ('HD013',to_date('29-SEP-22','DD-MON-RR'),null,'Chuy·ªÉn kho·∫£n','KH013',null,'NV002');
Insert into HOADON (MAHD,NGAYLAP,TONGTIENVAT,HINHTHUC,KHACHHANGMAKH,KHUYENMAIMAKM,NHANVIENMANV) values ('HD014',to_date('30-OCT-22','DD-MON-RR'),null,'Chuy·ªÉn kho·∫£n','KH014',null,'NV001');
Insert into HOADON (MAHD,NGAYLAP,TONGTIENVAT,HINHTHUC,KHACHHANGMAKH,KHUYENMAIMAKM,NHANVIENMANV) values ('HD015',to_date('15-NOV-22','DD-MON-RR'),null,'Ti·ª?n m·∫∑t','KH003','KM006','NV004');
Insert into HOADON (MAHD,NGAYLAP,TONGTIENVAT,HINHTHUC,KHACHHANGMAKH,KHUYENMAIMAKM,NHANVIENMANV) values ('HD016',to_date('30-NOV-22','DD-MON-RR'),null,'Chuy·ªÉn kho·∫£n','KH016','KM006','NV002');
Insert into HOADON (MAHD,NGAYLAP,TONGTIENVAT,HINHTHUC,KHACHHANGMAKH,KHUYENMAIMAKM,NHANVIENMANV) values ('HD017',to_date('24-DEC-22','DD-MON-RR'),null,'Chuy·ªÉn kho·∫£n','KH017','KM007','NV008');
Insert into HOADON (MAHD,NGAYLAP,TONGTIENVAT,HINHTHUC,KHACHHANGMAKH,KHUYENMAIMAKM,NHANVIENMANV) values ('HD018',to_date('22-JAN-23','DD-MON-RR'),null,'Ti·ª?n m·∫∑t','KH018','KM001','NV003');
Insert into HOADON (MAHD,NGAYLAP,TONGTIENVAT,HINHTHUC,KHACHHANGMAKH,KHUYENMAIMAKM,NHANVIENMANV) values ('HD019',to_date('22-JAN-23','DD-MON-RR'),null,'Chuy·ªÉn kho·∫£n','KH009','KM001','NV003');
Insert into HOADON (MAHD,NGAYLAP,TONGTIENVAT,HINHTHUC,KHACHHANGMAKH,KHUYENMAIMAKM,NHANVIENMANV) values ('HD020',to_date('23-JAN-23','DD-MON-RR'),null,'Ti·ª?n m·∫∑t','KH006','KM001','NV005');
Insert into HOADON (MAHD,NGAYLAP,TONGTIENVAT,HINHTHUC,KHACHHANGMAKH,KHUYENMAIMAKM,NHANVIENMANV) values ('HD021',to_date('23-JAN-23','DD-MON-RR'),null,'Chuy·ªÉn kho·∫£n','KH010','KM001','NV005');
Insert into HOADON (MAHD,NGAYLAP,TONGTIENVAT,HINHTHUC,KHACHHANGMAKH,KHUYENMAIMAKM,NHANVIENMANV) values ('HD022',to_date('23-JAN-23','DD-MON-RR'),null,'Ti·ª?n m·∫∑t','KH017','KM001','NV005');
Insert into HOADON (MAHD,NGAYLAP,TONGTIENVAT,HINHTHUC,KHACHHANGMAKH,KHUYENMAIMAKM,NHANVIENMANV) values ('HD023',to_date('23-JAN-23','DD-MON-RR'),null,'Ti·ª?n m·∫∑t','KH015','KM001','NV005');
Insert into HOADON (MAHD,NGAYLAP,TONGTIENVAT,HINHTHUC,KHACHHANGMAKH,KHUYENMAIMAKM,NHANVIENMANV) values ('HD024',to_date('23-JAN-23','DD-MON-RR'),null,'Ti·ª?n m·∫∑t','KH003','KM001','NV005');
Insert into HOADON (MAHD,NGAYLAP,TONGTIENVAT,HINHTHUC,KHACHHANGMAKH,KHUYENMAIMAKM,NHANVIENMANV) values ('HD025',to_date('24-JAN-23','DD-MON-RR'),null,'Ti·ª?n m·∫∑t','KH020','KM001','NV008');
Insert into HOADON (MAHD,NGAYLAP,TONGTIENVAT,HINHTHUC,KHACHHANGMAKH,KHUYENMAIMAKM,NHANVIENMANV) values ('HD026',to_date('24-JAN-23','DD-MON-RR'),null,'Chuy·ªÉn kho·∫£n','KH019','KM001','NV008');
Insert into HOADON (MAHD,NGAYLAP,TONGTIENVAT,HINHTHUC,KHACHHANGMAKH,KHUYENMAIMAKM,NHANVIENMANV) values ('HD027',to_date('25-JAN-23','DD-MON-RR'),null,'Ti·ª?n m·∫∑t','KH018',null,'NV007');
Insert into HOADON (MAHD,NGAYLAP,TONGTIENVAT,HINHTHUC,KHACHHANGMAKH,KHUYENMAIMAKM,NHANVIENMANV) values ('HD028',to_date('26-JAN-23','DD-MON-RR'),null,'Ti·ª?n m·∫∑t','KH005',null,'NV004');
Insert into HOADON (MAHD,NGAYLAP,TONGTIENVAT,HINHTHUC,KHACHHANGMAKH,KHUYENMAIMAKM,NHANVIENMANV) values ('HD029',to_date('26-JAN-23','DD-MON-RR'),null,'Ti·ª?n m·∫∑t','KH006',null,'NV004');
Insert into HOADON (MAHD,NGAYLAP,TONGTIENVAT,HINHTHUC,KHACHHANGMAKH,KHUYENMAIMAKM,NHANVIENMANV) values ('HD030',to_date('28-JAN-23','DD-MON-RR'),null,'Ti·ª?n m·∫∑t','KH003',null,'NV007');
Insert into HOADON (MAHD,NGAYLAP,TONGTIENVAT,HINHTHUC,KHACHHANGMAKH,KHUYENMAIMAKM,NHANVIENMANV) values ('HD031',to_date('14-FEB-23','DD-MON-RR'),null,'Ti·ª?n m·∫∑t','KH007','KM002','NV004');
Insert into HOADON (MAHD,NGAYLAP,TONGTIENVAT,HINHTHUC,KHACHHANGMAKH,KHUYENMAIMAKM,NHANVIENMANV) values ('HD032',to_date('14-FEB-23','DD-MON-RR'),null,'Ti·ª?n m·∫∑t','KH018','KM002','NV004');
Insert into HOADON (MAHD,NGAYLAP,TONGTIENVAT,HINHTHUC,KHACHHANGMAKH,KHUYENMAIMAKM,NHANVIENMANV) values ('HD033',to_date('14-FEB-23','DD-MON-RR'),null,'Chuy·ªÉn kho·∫£n','KH012','KM002','NV004');
REM INSERTING into KHACHHANG
SET DEFINE OFF;
Insert into KHACHHANG (MAKH,TENKH,GIOITINH,SDT,DIEMTICHLUY,HSD) values ('KH001','Nguy·ªÖn Ph∆∞∆°ng H·∫°c','N·ªØ','0909234876',1,to_date('22-OCT-24','DD-MON-RR'));
Insert into KHACHHANG (MAKH,TENKH,GIOITINH,SDT,DIEMTICHLUY,HSD) values ('KH002','Ng√¥ D∆∞∆°ng H√†','Nam','0921873948',2,to_date('18-JAN-24','DD-MON-RR'));
Insert into KHACHHANG (MAKH,TENKH,GIOITINH,SDT,DIEMTICHLUY,HSD) values ('KH003','Nguy·ªÖn H·∫£i Y·∫øn','N·ªØ','0198364782',3,to_date('22-DEC-23','DD-MON-RR'));
Insert into KHACHHANG (MAKH,TENKH,GIOITINH,SDT,DIEMTICHLUY,HSD) values ('KH004','B√πi Duy C∆∞∆°ng','Nam','0932875439',1,to_date('15-NOV-24','DD-MON-RR'));
Insert into KHACHHANG (MAKH,TENKH,GIOITINH,SDT,DIEMTICHLUY,HSD) values ('KH005','Mai Qu·ªëc D≈©ng','Nam','0873291874',3,to_date('17-MAR-24','DD-MON-RR'));
Insert into KHACHHANG (MAKH,TENKH,GIOITINH,SDT,DIEMTICHLUY,HSD) values ('KH006','L√™ Quang Ho√†ng Minh','Nam','0192837491',3,to_date('07-SEP-23','DD-MON-RR'));
Insert into KHACHHANG (MAKH,TENKH,GIOITINH,SDT,DIEMTICHLUY,HSD) values ('KH007','L√™ Minh Thanh','Nam','0923849072',1,to_date('16-AUG-24','DD-MON-RR'));
Insert into KHACHHANG (MAKH,TENKH,GIOITINH,SDT,DIEMTICHLUY,HSD) values ('KH008','Nguy·ªÖn Ho√†i Nam','Nam','0981736284',2,to_date('13-JUN-23','DD-MON-RR'));
Insert into KHACHHANG (MAKH,TENKH,GIOITINH,SDT,DIEMTICHLUY,HSD) values ('KH009','Nguy·ªÖn Thanh Long','Nam','0923891826',2,to_date('12-MAR-23','DD-MON-RR'));
Insert into KHACHHANG (MAKH,TENKH,GIOITINH,SDT,DIEMTICHLUY,HSD) values ('KH010','Tr·∫ßn ƒ?√¨nh To√†n','Nam','0912782637',2,to_date('15-MAR-23','DD-MON-RR'));
Insert into KHACHHANG (MAKH,TENKH,GIOITINH,SDT,DIEMTICHLUY,HSD) values ('KH011','Tr·∫ßn Nh∆∞ √?','N·ªØ','0912782638',1,to_date('15-AUG-23','DD-MON-RR'));
Insert into KHACHHANG (MAKH,TENKH,GIOITINH,SDT,DIEMTICHLUY,HSD) values ('KH012','Tr·∫ßn VƒÉn Th·ª?','Nam','0912935639',1,to_date('29-FEB-24','DD-MON-RR'));
Insert into KHACHHANG (MAKH,TENKH,GIOITINH,SDT,DIEMTICHLUY,HSD) values ('KH013','V≈© VƒÉn Vinh','Nam','0912767340',1,to_date('27-MAY-23','DD-MON-RR'));
Insert into KHACHHANG (MAKH,TENKH,GIOITINH,SDT,DIEMTICHLUY,HSD) values ('KH014','Nguy·ªÖn Th·ªã Thu T√¢m','N·ªØ','0912782641',1,to_date('07-APR-24','DD-MON-RR'));
Insert into KHACHHANG (MAKH,TENKH,GIOITINH,SDT,DIEMTICHLUY,HSD) values ('KH015','Nguy·ªÖn Th·ªã B√≠ch Ng√¢n','N·ªØ','0912782642',1,to_date('25-AUG-24','DD-MON-RR'));
Insert into KHACHHANG (MAKH,TENKH,GIOITINH,SDT,DIEMTICHLUY,HSD) values ('KH016','V≈© ƒ?·ª©c Th·ªãnh','Nam','0912782643',1,to_date('30-NOV-23','DD-MON-RR'));
Insert into KHACHHANG (MAKH,TENKH,GIOITINH,SDT,DIEMTICHLUY,HSD) values ('KH017','ƒ?inh Nguy·ªÖn Tr·ª?ng Nghƒ©a','Nam','0912782644',2,to_date('05-DEC-23','DD-MON-RR'));
Insert into KHACHHANG (MAKH,TENKH,GIOITINH,SDT,DIEMTICHLUY,HSD) values ('KH018','Hu·ª≥nh Th·ªã Ch√¢u Lan','N·ªØ','0912782645',3,to_date('24-DEC-24','DD-MON-RR'));
Insert into KHACHHANG (MAKH,TENKH,GIOITINH,SDT,DIEMTICHLUY,HSD) values ('KH019','Phan Th·ªã Ng·ª?c Mai','N·ªØ','0912782646',1,to_date('01-OCT-23','DD-MON-RR'));
Insert into KHACHHANG (MAKH,TENKH,GIOITINH,SDT,DIEMTICHLUY,HSD) values ('KH020','M·∫°nh Thi√™n L√Ω','N·ªØ','0912782647',1,to_date('19-MAY-24','DD-MON-RR'));
REM INSERTING into KHONGUYENLIEU
SET DEFINE OFF;
Insert into KHONGUYENLIEU (MANL,TENNL,SOLUONG,DONVI) values ('NL001','C√† ph√™ b·ªôt',300,'Bao');
Insert into KHONGUYENLIEU (MANL,TENNL,SOLUONG,DONVI) values ('NL002','ƒ?∆∞·ª?ng tr·∫Øng',150,'Bao');
Insert into KHONGUYENLIEU (MANL,TENNL,SOLUONG,DONVI) values ('NL003','ƒ?√° Vi√™n',30,'Bao');
Insert into KHONGUYENLIEU (MANL,TENNL,SOLUONG,DONVI) values ('NL004','S·ªØa ƒë·∫∑c',20,'Lon');
Insert into KHONGUYENLIEU (MANL,TENNL,SOLUONG,DONVI) values ('NL005','S·ªØa t∆∞∆°i kh√¥ng ƒë∆∞·ª?ng',15,'Th√πng');
Insert into KHONGUYENLIEU (MANL,TENNL,SOLUONG,DONVI) values ('NL006','B·ªôt chocolate',20,'Bao');
Insert into KHONGUYENLIEU (MANL,TENNL,SOLUONG,DONVI) values ('NL007','Tr√† nh√†i',50,'H·ªôp');
Insert into KHONGUYENLIEU (MANL,TENNL,SOLUONG,DONVI) values ('NL008','H·∫°t c√† ph√™',200,'Bao');
Insert into KHONGUYENLIEU (MANL,TENNL,SOLUONG,DONVI) values ('NL009','Kem Rich',20,'H·ªôp');
Insert into KHONGUYENLIEU (MANL,TENNL,SOLUONG,DONVI) values ('NL010','S·ªët  dark chocolate',20,'Chai');
Insert into KHONGUYENLIEU (MANL,TENNL,SOLUONG,DONVI) values ('NL011','Siro hoa qu·∫£',30,'Chai');
Insert into KHONGUYENLIEU (MANL,TENNL,SOLUONG,DONVI) values ('NL012','M·ª©t ƒë√†o',30,'Lon');
Insert into KHONGUYENLIEU (MANL,TENNL,SOLUONG,DONVI) values ('NL013','B√°nh Oreo',5,'Th√πng');
Insert into KHONGUYENLIEU (MANL,TENNL,SOLUONG,DONVI) values ('NL014','B√°nh Ritz',5,'Th√πng');
Insert into KHONGUYENLIEU (MANL,TENNL,SOLUONG,DONVI) values ('NL015','M·ª©t xo√†i',20,'Lon');
Insert into KHONGUYENLIEU (MANL,TENNL,SOLUONG,DONVI) values ('NL016','M·ª©t d√¢u',10,'Lon');
Insert into KHONGUYENLIEU (MANL,TENNL,SOLUONG,DONVI) values ('NL017','S·ªët caramel',15,'Chai');
Insert into KHONGUYENLIEU (MANL,TENNL,SOLUONG,DONVI) values ('NL018','Kem Base',25,'H·ªôp');
Insert into KHONGUYENLIEU (MANL,TENNL,SOLUONG,DONVI) values ('NL019','Kem Vani',15,'H·ªôp');
Insert into KHONGUYENLIEU (MANL,TENNL,SOLUONG,DONVI) values ('NL020','B·ªôt cacao',15,'Bao');
Insert into KHONGUYENLIEU (MANL,TENNL,SOLUONG,DONVI) values ('NL021','B·ªôt onemix',25,'Bao');
Insert into KHONGUYENLIEU (MANL,TENNL,SOLUONG,DONVI) values ('NL022','Tr√† sen',20,'H·ªôp');
Insert into KHONGUYENLIEU (MANL,TENNL,SOLUONG,DONVI) values ('NL023','Tr√† olong',25,'H·ªôp');
Insert into KHONGUYENLIEU (MANL,TENNL,SOLUONG,DONVI) values ('NL024','Tr√† Lipton',30,'H·ªôp');
REM INSERTING into KHUYENMAI
SET DEFINE OFF;
Insert into KHUYENMAI (MAKM,TENKM,TILE) values ('KM001','Khuy·∫øn m√£i T·∫øt',0.2);
Insert into KHUYENMAI (MAKM,TENKM,TILE) values ('KM002','Khuy·∫øn m√£i Valentine',0.1);
Insert into KHUYENMAI (MAKM,TENKM,TILE) values ('KM003','Khuy·∫øn m√£i 8/3',0.1);
Insert into KHUYENMAI (MAKM,TENKM,TILE) values ('KM004','Khuy·∫øn m√£i 30/4',0.1);
Insert into KHUYENMAI (MAKM,TENKM,TILE) values ('KM005','Khuy·∫øn m√£i Trung Thu',0.1);
Insert into KHUYENMAI (MAKM,TENKM,TILE) values ('KM006','Khuy·∫øn m√£i Black Friday',0.2);
Insert into KHUYENMAI (MAKM,TENKM,TILE) values ('KM007','Khuy·∫øn m√£i Gi√°ng Sinh',0.1);
REM INSERTING into NHANVIEN
SET DEFINE OFF;
Insert into NHANVIEN (MANV,TENNV,SDT,GIOITINH,TAIKHOAN) values ('NV001','Tr·∫ßn Th·ªã Mai','0986752347','N·ªØ','mai01');
Insert into NHANVIEN (MANV,TENNV,SDT,GIOITINH,TAIKHOAN) values ('NV002','√?i Thanh Th∆∞','0996282378','N·ªØ','thu02');
Insert into NHANVIEN (MANV,TENNV,SDT,GIOITINH,TAIKHOAN) values ('NV003','T√¢m Nh∆∞ Nguy·ªát','0305812409','N·ªØ','nguyet03');
Insert into NHANVIEN (MANV,TENNV,SDT,GIOITINH,TAIKHOAN) values ('NV004','Nguy·ªÖn VƒÉn An','0876879009','Nam','an04');
Insert into NHANVIEN (MANV,TENNV,SDT,GIOITINH,TAIKHOAN) values ('NV005','H·ªì Ng·ª?c H√†','0386875637','N·ªØ','ha05');
Insert into NHANVIEN (MANV,TENNV,SDT,GIOITINH,TAIKHOAN) values ('NV006','Nguy·ªÖn Th·ªã Kim Oanh','0385811400','N·ªØ','oanh06');
Insert into NHANVIEN (MANV,TENNV,SDT,GIOITINH,TAIKHOAN) values ('NV007','D∆∞∆°ng Th·ªã Mai Thi','0986752344','N·ªØ','thi07');
Insert into NHANVIEN (MANV,TENNV,SDT,GIOITINH,TAIKHOAN) values ('NV008','Ph·∫°m H√πng V∆∞∆°ng','0996282378','Nam','vuong08');
Insert into NHANVIEN (MANV,TENNV,SDT,GIOITINH,TAIKHOAN) values ('NV009','Tr·∫ßn Thanh Huy','0674912891','N·ªØ','huy09');
Insert into NHANVIEN (MANV,TENNV,SDT,GIOITINH,TAIKHOAN) values ('NV010','H·ªì Tu·∫•n D∆∞∆°ng','0986757453','Nam','duong10');
REM INSERTING into PHANLOAI
SET DEFINE OFF;
Insert into PHANLOAI (MALOAI,TENLOAI) values ('ML001','C√† ph√™');
Insert into PHANLOAI (MALOAI,TENLOAI) values ('ML002','Sinh t·ªë');
Insert into PHANLOAI (MALOAI,TENLOAI) values ('ML003','N∆∞·ªõc √©p');
Insert into PHANLOAI (MALOAI,TENLOAI) values ('ML004','MilkShake');
Insert into PHANLOAI (MALOAI,TENLOAI) values ('ML005','Topping');
Insert into PHANLOAI (MALOAI,TENLOAI) values ('ML006','Kem - S·ªØa Chua');
REM INSERTING into PHIEUNHAP
SET DEFINE OFF;
Insert into PHIEUNHAP (MAPN,NGAYNHAP,NHANVIENMANV) values ('PN001',to_date('10-OCT-23','DD-MON-RR'),'NV001');
Insert into PHIEUNHAP (MAPN,NGAYNHAP,NHANVIENMANV) values ('PN002',to_date('24-NOV-23','DD-MON-RR'),'NV002');
Insert into PHIEUNHAP (MAPN,NGAYNHAP,NHANVIENMANV) values ('PN003',to_date('28-FEB-23','DD-MON-RR'),'NV009');
Insert into PHIEUNHAP (MAPN,NGAYNHAP,NHANVIENMANV) values ('PN004',to_date('14-AUG-23','DD-MON-RR'),'NV003');
Insert into PHIEUNHAP (MAPN,NGAYNHAP,NHANVIENMANV) values ('PN005',to_date('23-NOV-23','DD-MON-RR'),'NV001');
Insert into PHIEUNHAP (MAPN,NGAYNHAP,NHANVIENMANV) values ('PN006',to_date('23-NOV-23','DD-MON-RR'),'NV009');
Insert into PHIEUNHAP (MAPN,NGAYNHAP,NHANVIENMANV) values ('PN007',to_date('22-OCT-23','DD-MON-RR'),'NV002');
Insert into PHIEUNHAP (MAPN,NGAYNHAP,NHANVIENMANV) values ('PN008',to_date('10-DEC-23','DD-MON-RR'),'NV002');
Insert into PHIEUNHAP (MAPN,NGAYNHAP,NHANVIENMANV) values ('PN009',to_date('10-DEC-23','DD-MON-RR'),'NV002');
Insert into PHIEUNHAP (MAPN,NGAYNHAP,NHANVIENMANV) values ('PN010',to_date('10-DEC-23','DD-MON-RR'),'NV003');
Insert into PHIEUNHAP (MAPN,NGAYNHAP,NHANVIENMANV) values ('PN011',to_date('10-DEC-23','DD-MON-RR'),'NV005');
Insert into PHIEUNHAP (MAPN,NGAYNHAP,NHANVIENMANV) values ('PN012',to_date('28-FEB-23','DD-MON-RR'),'NV005');
Insert into PHIEUNHAP (MAPN,NGAYNHAP,NHANVIENMANV) values ('PN013',to_date('20-JUL-23','DD-MON-RR'),'NV003');
Insert into PHIEUNHAP (MAPN,NGAYNHAP,NHANVIENMANV) values ('PN014',to_date('25-DEC-23','DD-MON-RR'),'NV001');
Insert into PHIEUNHAP (MAPN,NGAYNHAP,NHANVIENMANV) values ('PN015',to_date('26-NOV-23','DD-MON-RR'),'NV005');
Insert into PHIEUNHAP (MAPN,NGAYNHAP,NHANVIENMANV) values ('PN016',to_date('28-FEB-23','DD-MON-RR'),'NV003');
Insert into PHIEUNHAP (MAPN,NGAYNHAP,NHANVIENMANV) values ('PN017',to_date('22-SEP-23','DD-MON-RR'),'NV003');
Insert into PHIEUNHAP (MAPN,NGAYNHAP,NHANVIENMANV) values ('PN018',to_date('22-SEP-23','DD-MON-RR'),'NV006');
Insert into PHIEUNHAP (MAPN,NGAYNHAP,NHANVIENMANV) values ('PN019',to_date('28-DEC-23','DD-MON-RR'),'NV010');
Insert into PHIEUNHAP (MAPN,NGAYNHAP,NHANVIENMANV) values ('PN020',to_date('22-SEP-23','DD-MON-RR'),'NV001');
Insert into PHIEUNHAP (MAPN,NGAYNHAP,NHANVIENMANV) values ('PN021',to_date('22-SEP-23','DD-MON-RR'),'NV001');
Insert into PHIEUNHAP (MAPN,NGAYNHAP,NHANVIENMANV) values ('PN022',to_date('28-FEB-23','DD-MON-RR'),'NV009');
Insert into PHIEUNHAP (MAPN,NGAYNHAP,NHANVIENMANV) values ('PN023',to_date('23-NOV-23','DD-MON-RR'),'NV007');
Insert into PHIEUNHAP (MAPN,NGAYNHAP,NHANVIENMANV) values ('PN024',to_date('26-NOV-23','DD-MON-RR'),'NV008');
REM INSERTING into THUCDON
SET DEFINE OFF;
Insert into THUCDON (MAMON,TENMON,GIA,KICHCO,TRANGTHAI,MOTA,PHANLOAIMALOAI) values ('TD001','Cafe ƒëen',30000,'L','01','C√† ph√™ ƒëen l√† m·ªôt trong nh·ªØng lo·∫°i th·ª©c u·ªëng quen thu·ªôc c·ªßa ng∆∞·ª?i Vi·ªát. ƒ?∆∞·ª£c l√†m t·ª´ c√† ph√™ nguy√™n ch·∫•t 100% c√† ph√™ ƒëen mang h∆∞∆°ng v·ªã ƒë·∫≠m ƒë√† m·∫°nh m·∫Ω gi√∫p b·∫°n t·ªânh t√°o v√† t√°i t·∫°o nƒÉng l∆∞·ª£ng','ML001');
Insert into THUCDON (MAMON,TENMON,GIA,KICHCO,TRANGTHAI,MOTA,PHANLOAIMALOAI) values ('TD002','Cafe ƒëen',25000,'M','01','C√† ph√™ ƒëen l√† m·ªôt trong nh·ªØng lo·∫°i th·ª©c u·ªëng quen thu·ªôc c·ªßa ng∆∞·ª?i Vi·ªát. ƒ?∆∞·ª£c l√†m t·ª´ c√† ph√™ nguy√™n ch·∫•t 100% c√† ph√™ ƒëen mang h∆∞∆°ng v·ªã ƒë·∫≠m ƒë√† m·∫°nh m·∫Ω gi√∫p b·∫°n t·ªânh t√°o v√† t√°i t·∫°o nƒÉng l∆∞·ª£ng','ML001');
Insert into THUCDON (MAMON,TENMON,GIA,KICHCO,TRANGTHAI,MOTA,PHANLOAIMALOAI) values ('TD003','Cafe Espresso',45000,'L','01','C√† ph√™ espresso ƒë∆∞·ª£c pha ch·∫ø b·∫±ng c√°ch d√πng n∆∞·ªõc n√≥ng n√©n d∆∞·ªõi √°p su·∫•t cao (kho·∫£ng 9 ƒë·∫øn 10 bar) qua b·ªôt c√† ph√™ ƒë∆∞·ª£c xay m·ªãn','ML001');
Insert into THUCDON (MAMON,TENMON,GIA,KICHCO,TRANGTHAI,MOTA,PHANLOAIMALOAI) values ('TD004','Cafe Espresso',40000,'M','01','C√† ph√™ espresso ƒë∆∞·ª£c pha ch·∫ø b·∫±ng c√°ch d√πng n∆∞·ªõc n√≥ng n√©n d∆∞·ªõi √°p su·∫•t cao (kho·∫£ng 9 ƒë·∫øn 10 bar) qua b·ªôt c√† ph√™ ƒë∆∞·ª£c xay m·ªãn','ML001');
Insert into THUCDON (MAMON,TENMON,GIA,KICHCO,TRANGTHAI,MOTA,PHANLOAIMALOAI) values ('TD005','American cafe',50000,'L','01','Caff√® Americano hay Americano (ti·∫øng Anh: American coffee ‚Äì C√† ph√™ M·ªπ) l√† m·ªôt phong c√°ch c√† ph√™ chu·∫©n b·ªã b·∫±ng c√°ch th√™m n∆∞·ªõc n√≥ng v√†o espresso - ƒëi·ª?u n√†y l√†m c√† ph√™ c√≥ ƒë·ªô ƒë·∫≠m t∆∞∆°ng t·ª± nh∆∞ng h∆∞∆°ng v·ªã l·∫°i kh√°c gi·ªëng c√† ph√™ phin','ML001');
Insert into THUCDON (MAMON,TENMON,GIA,KICHCO,TRANGTHAI,MOTA,PHANLOAIMALOAI) values ('TD006','American cafe',45000,'M','01','Caff√® Americano hay Americano (ti·∫øng Anh: American coffee ‚Äì C√† ph√™ M·ªπ) l√† m·ªôt phong c√°ch c√† ph√™ chu·∫©n b·ªã b·∫±ng c√°ch th√™m n∆∞·ªõc n√≥ng v√†o espresso - ƒëi·ª?u n√†y l√†m c√† ph√™ c√≥ ƒë·ªô ƒë·∫≠m t∆∞∆°ng t·ª± nh∆∞ng h∆∞∆°ng v·ªã l·∫°i kh√°c gi·ªëng c√† ph√™ phin','ML001');
Insert into THUCDON (MAMON,TENMON,GIA,KICHCO,TRANGTHAI,MOTA,PHANLOAIMALOAI) values ('TD007','Sinh t·ªë b∆°',27000,'M','01','B∆° l√† m·ªôt lo·∫°i tr√°i c√¢y b·ªï d∆∞·ª°ng c√≥ l·ª£i cho h·ªá ti√™u h√≥a...  ƒë·∫∑c bi·ªát l√† c·ª±c k·ª≥ t·ªët cho s·ª± ph√°t tri·ªÉn c·ªßa thai nhi gi√∫p kh·ª?e m·∫°nh v√† th√¥ng minh','ML002');
Insert into THUCDON (MAMON,TENMON,GIA,KICHCO,TRANGTHAI,MOTA,PHANLOAIMALOAI) values ('TD008','Sinh t·ªë b∆°',23000,'l','01','B∆° l√† m·ªôt lo·∫°i tr√°i c√¢y b·ªï d∆∞·ª°ng c√≥ l·ª£i cho h·ªá ti√™u h√≥a...  ƒë·∫∑c bi·ªát l√† c·ª±c k·ª≥ t·ªët cho s·ª± ph√°t tri·ªÉn c·ªßa thai nhi gi√∫p kh·ª?e m·∫°nh v√† th√¥ng minh','ML002');
Insert into THUCDON (MAMON,TENMON,GIA,KICHCO,TRANGTHAI,MOTA,PHANLOAIMALOAI) values ('TD009','Sinh t·ªë chu·ªëi v·ªã Socola',31000,'M','01','Sinh t·ªë chu·ªëi v·ªã l·∫° m√† ngon - u·ªëng c·ª±c k·ª≥ t·ªët cho h·ªá ti√™u h√≥a ƒë·∫∑c bi·ªát c√≥ th·ªÉ d√πng ƒë·ªÉ gi·∫£m c√¢n v√¨ c√≥ ch·ª©a  ch·∫•t trytophan k√≠ch th√≠ch gi·∫•c ng·ªß ngon v√† c·∫£i thi·ªán s·ª± suy nh∆∞·ª£c c·ªßa c∆° th·ªÉ','ML002');
Insert into THUCDON (MAMON,TENMON,GIA,KICHCO,TRANGTHAI,MOTA,PHANLOAIMALOAI) values ('TD010','Sinh t·ªë chu·ªëi v·ªã Socola',38000,'L','01','Sinh t·ªë chu·ªëi v·ªã l·∫° m√† ngon - u·ªëng c·ª±c k·ª≥ t·ªët cho h·ªá ti√™u h√≥a ƒë·∫∑c bi·ªát c√≥ th·ªÉ d√πng ƒë·ªÉ gi·∫£m c√¢n v√¨ c√≥ ch·ª©a  ch·∫•t trytophan k√≠ch th√≠ch gi·∫•c ng·ªß ngon v√† c·∫£i thi·ªán s·ª± suy nh∆∞·ª£c c·ªßa c∆° th·ªÉ','ML002');
Insert into THUCDON (MAMON,TENMON,GIA,KICHCO,TRANGTHAI,MOTA,PHANLOAIMALOAI) values ('TD011','Sinh t·ªë cam s·ªØa chua',31000,'M','01','Cam v√† s·ªØa chua ƒë·ª?u c√≥ ch·ª©a c√°c lo·∫°i vitamin c·∫ßn thi·∫øt cho c∆° th·ªÉ ƒë·∫∑c bi·ªát v·ªõi kh·∫£ nƒÉng l√†m ƒë·∫πp an to√†n v√† hi·ªáu qu·∫£ √≠t t·ªën k√©m','ML002');
Insert into THUCDON (MAMON,TENMON,GIA,KICHCO,TRANGTHAI,MOTA,PHANLOAIMALOAI) values ('TD012','Sinh t·ªë chu·ªëi v·ªã Socola',38000,'L','01','C√°ch l√†m sinh t·ªë chu·ªëi socola v·ªõi s·ª± k·∫øt h·ª£p ƒë·ªôc ƒë√°o c·ªßa chu·ªëi v√† socola th·∫≠t tuy·ªát. Khi xay xong cho sinh t·ªë ra ly b·∫°n c√≥ th·ªÉ th√™m ch√∫t topping ƒëi·ªÉm cho ly sinh t·ªë th√™m lung linh nh∆∞ ngo√†i h√†ng nh√©!','ML002');
Insert into THUCDON (MAMON,TENMON,GIA,KICHCO,TRANGTHAI,MOTA,PHANLOAIMALOAI) values ('TD013','Sinh t·ªë chu·ªëi v·ªã Socola',31000,'M','01','C√°ch l√†m sinh t·ªë chu·ªëi socola v·ªõi s·ª± k·∫øt h·ª£p ƒë·ªôc ƒë√°o c·ªßa chu·ªëi v√† socola th·∫≠t tuy·ªát. Khi xay xong cho sinh t·ªë ra ly b·∫°n c√≥ th·ªÉ th√™m ch√∫t topping ƒëi·ªÉm cho ly sinh t·ªë th√™m lung linh nh∆∞ ngo√†i h√†ng nh√©!','ML002');
Insert into THUCDON (MAMON,TENMON,GIA,KICHCO,TRANGTHAI,MOTA,PHANLOAIMALOAI) values ('TD014','N∆∞·ªõc √©p cam',22000,'L','01','Cam l√† lo·∫°i tr√°i cay gi√†u vitamin v√† kho√°ng ch·∫•t ƒë·∫∑c bi·ªát ph√π h·ª£p ƒë·ªÉ b·ªï sung s·ª©c ƒë·ª? kh√°ng cho c∆° th·ªÉ khi b·ªã ·ªëm','ML003');
Insert into THUCDON (MAMON,TENMON,GIA,KICHCO,TRANGTHAI,MOTA,PHANLOAIMALOAI) values ('TD015','N∆∞·ªõc √©p cam',18000,'M','01','Cam l√† lo·∫°i tr√°i cay gi√†u vitamin v√† kho√°ng ch·∫•t ƒë·∫∑c bi·ªát ph√π h·ª£p ƒë·ªÉ b·ªï sung s·ª©c ƒë·ª? kh√°ng cho c∆° th·ªÉ khi b·ªã ·ªëm','ML003');
Insert into THUCDON (MAMON,TENMON,GIA,KICHCO,TRANGTHAI,MOTA,PHANLOAIMALOAI) values ('TD017','N∆∞·ªõc √©p c√† r·ªët',20000,'L','01','N∆∞·ªõc √©p c√† r·ªët c≈©ng h·ªó tr·ª£ h·∫° ƒë∆∞·ª?ng huy·∫øt c√≥ t√°c d·ª•ng ngƒÉn ng·ª´a ung th∆∞ nhu·∫≠n tr√†ng v√† ƒëi·ª?u tr·ªã t√°o b√≥n hi·ªáu qu·∫£','ML003');
Insert into THUCDON (MAMON,TENMON,GIA,KICHCO,TRANGTHAI,MOTA,PHANLOAIMALOAI) values ('TD018','N∆∞·ªõc √©p c√† r·ªët',18000,'M','01','Cam v√† s·ªØa chua ƒë·ª?u c√≥ ch·ª©a c√°c lo·∫°i vitamin c·∫ßn thi·∫øt cho c∆° th·ªÉ ƒë·∫∑c bi·ªát v·ªõi kh·∫£ nƒÉng l√†m ƒë·∫πp an to√†n v√† hi·ªáu qu·∫£ √≠t t·ªën k√©m','ML003');
Insert into THUCDON (MAMON,TENMON,GIA,KICHCO,TRANGTHAI,MOTA,PHANLOAIMALOAI) values ('TD019','N∆∞·ªõc √©p t√°o',24000,'L','01','N∆∞·ªõc √©p t√°o c≈©ng l√† m·ªôt trong nh·ªØng lo·∫°i n∆∞·ªõc √©p gi√∫p gi·∫£m c√¢n hi·ªáu qu·∫£. N∆∞·ªõc t√°o √©p ch·ª©a nhi·ª?u vitamin A- C- B1- B2- K- gi√∫p ch·ªëng oxy h√≥a v√† c√≥ l·ª£i cho h·ªá mi·ªÖn d·ªãch','ML003');
Insert into THUCDON (MAMON,TENMON,GIA,KICHCO,TRANGTHAI,MOTA,PHANLOAIMALOAI) values ('TD020','N∆∞·ªõc √©p t√°o',20000,'M','01','N∆∞·ªõc √©p t√°o c≈©ng l√† m·ªôt trong nh·ªØng lo·∫°i n∆∞·ªõc √©p gi√∫p gi·∫£m c√¢n hi·ªáu qu·∫£. N∆∞·ªõc t√°o √©p ch·ª©a nhi·ª?u vitamin A- C- B1- B2- K- gi√∫p ch·ªëng oxy h√≥a v√† c√≥ l·ª£i cho h·ªá mi·ªÖn d·ªãch','ML003');
Insert into THUCDON (MAMON,TENMON,GIA,KICHCO,TRANGTHAI,MOTA,PHANLOAIMALOAI) values ('TD021','Milkshake b√°nh quy v√† kem',31000,'M','01','S·ªØa - Kem vani - B√°nh oreo','ML004');
Insert into THUCDON (MAMON,TENMON,GIA,KICHCO,TRANGTHAI,MOTA,PHANLOAIMALOAI) values ('TD022','Milkshake b√°nh quy v√† kem',38000,'L','01','S·ªØa - Kem vani - B√°nh oreo','ML004');
Insert into THUCDON (MAMON,TENMON,GIA,KICHCO,TRANGTHAI,MOTA,PHANLOAIMALOAI) values ('TD023','Milkshake chocolate ƒëen v√† d·ª´a',40000,'L','01','Chocolate ƒë·∫Øng - N∆∞·ªõc c·ªët d·ª´a - Kem chocolate - Cacao - D·ª´a b√†o s·ª£i','ML004');
Insert into THUCDON (MAMON,TENMON,GIA,KICHCO,TRANGTHAI,MOTA,PHANLOAIMALOAI) values ('TD024','Milkshake chocolate ƒëen v√† d·ª´a',38000,'M','01','Chocolate ƒë·∫Øng - N∆∞·ªõc c·ªët d·ª´a - Kem chocolate - Cacao - D·ª´a b√†o s·ª£i','ML004');
Insert into THUCDON (MAMON,TENMON,GIA,KICHCO,TRANGTHAI,MOTA,PHANLOAIMALOAI) values ('TD025','Matcha Milkshake',35000,'M','01','S·ªØa t∆∞∆°i - n∆∞·ªõc n√≥ng -  Matcha - ƒë∆∞·ª?ng - Wiping cream','ML004');
Insert into THUCDON (MAMON,TENMON,GIA,KICHCO,TRANGTHAI,MOTA,PHANLOAIMALOAI) values ('TD026','Matcha Milkshake',40000,'L','01','S·ªØa t∆∞∆°i - n∆∞·ªõc n√≥ng -  Matcha - ƒë∆∞·ª?ng - Wiping cream','ML004');
Insert into THUCDON (MAMON,TENMON,GIA,KICHCO,TRANGTHAI,MOTA,PHANLOAIMALOAI) values ('TD027','Tr√¢n ch√¢u ƒëen',5000,'M','01','V·ªã dai ngon d·∫ªo m·ªãn ƒë·∫∑c tr∆∞ng c·ªßa b·ªôt n·∫øp ƒë√£ khi·∫øn cho tr√¢n ch√¢u ƒëen r·∫•t th√≠ch h·ª£p ƒë∆∞·ª£c d√πng k√®m khi th∆∞·ªüng th·ª©c tr√† s·ªØa','ML005');
Insert into THUCDON (MAMON,TENMON,GIA,KICHCO,TRANGTHAI,MOTA,PHANLOAIMALOAI) values ('TD028','Tr√¢n ch√¢u tr·∫Øng',5000,'M','01','Ch·ªâ v·ªõi c√°c nguy√™n li·ªáu ƒë∆°n gi·∫£n l√† b·∫°n ƒë√£ c√≥ ngay cho m√¨nh nh·ªØng vi√™n tr√¢n ch√¢u tr·∫Øng gi√≤n dai trong su·ªët ƒë·ªÉ th∆∞·ªüng th·ª©c c√πng tr√† s·ªØa.','ML005');
Insert into THUCDON (MAMON,TENMON,GIA,KICHCO,TRANGTHAI,MOTA,PHANLOAIMALOAI) values ('TD029','Th·∫°ch tr√°i c√¢y',7000,'M','01','Th·∫°ch tr√°i c√¢y c√≥ v·ªã ng·ª?t thanh th∆°m ngon n√™n k·∫øt h·ª£p v·ªõi tr√† s·ªØa b√©o th∆°m v√¥ c√πng h·ª£p v·ªã v√† l√†m tƒÉng th√™m h∆∞∆°ng v·ªã c·ªßa tr√† s·ªØa l√™n nhi·ª?u l·∫ßn','ML005');
Insert into THUCDON (MAMON,TENMON,GIA,KICHCO,TRANGTHAI,MOTA,PHANLOAIMALOAI) values ('TD030','Th·∫°ch c√† ph√™',8000,'M','01','Th·∫°ch c√† ph√™ th∆°m ngon v·ªõi m√†u s·∫Øc ƒë·∫∑c tr∆∞ng c·ªßa c√† ph√™ khi ƒÉn ta s·∫Ω c·∫£m nh·∫≠n ƒë∆∞·ª£c l·ªõp th·∫°ch gi√≤n dai s·ª±t s·ª±t h√≤a quy·ªán c√πng v·ªã b√©o c·ªßa ph√¥ mai v√† ch√∫t h∆∞∆°ng th∆°m thoang tho·∫£ng n·ªìng ƒë·∫≠m c·ªßa c√† ph√™','ML005');
Insert into THUCDON (MAMON,TENMON,GIA,KICHCO,TRANGTHAI,MOTA,PHANLOAIMALOAI) values ('TD031','S∆∞∆°ng s√°o',10000,'M','01','S∆∞∆°ng s√°o ng·ª?t th∆°m m·ª?m m·ªãn h√≤a c√πng tr√† s·ªØa beo b√©o. Cho th√™m ch√∫t ƒë√° vi√™n v√†o n·ªØa l√† si√™u ngon!','ML005');
Insert into THUCDON (MAMON,TENMON,GIA,KICHCO,TRANGTHAI,MOTA,PHANLOAIMALOAI) values ('TD032','Kem Gelato',30000,'M','01','Kem Gelato c≈©ng l√† m·ªôt l·ª±a chon cho ng√†y h√® n√≥ng b·ª©c b·ªüi c·∫£m gi√°c nh·∫π nh√†ng thanh m√°t ch·ª© kh√¥ng h·ª? ng·∫≠y m·ªôt ch√∫t n√†o. C√πng th∆∞·ªüng th·ª©c m√≥n kem n√†y ngay nh√©','ML006');
Insert into THUCDON (MAMON,TENMON,GIA,KICHCO,TRANGTHAI,MOTA,PHANLOAIMALOAI) values ('TD033','Kem ph√¥ mai',35000,'M','01','M√≥n kem ph√¥ mai ·ªü Hokkaido Cheese Tart l·∫°i l√† ‚Äúc·ª±c ph·∫©m‚Ä? ƒë·∫•y! ·ªû ƒë√¢y s·∫Ω c√≥ cho b·∫°n kem ph√¥ mai th∆∞·ª?ng v√† kem ph√¥ mai tr√¢n ch√¢u ƒë·∫•y nh√©','ML006');
Insert into THUCDON (MAMON,TENMON,GIA,KICHCO,TRANGTHAI,MOTA,PHANLOAIMALOAI) values ('TD034','S·ªØa chua t√∫i',5000,'M','01','M·ªói khi ƒÉn n√≥ s·∫Ω gi√∫p b·∫°n g·ª£i nh·ªõ v·ª? m·ªôt th·ª?i tu·ªïi th∆° c·ªßa m√¨nh v√¨ ƒë√¢y l√† m·ªôt trong nh·ªØng m√≥n ƒÉn v·∫∑t ƒë·ªânh cao th·ª?i 8x 9x ƒë·∫•y!','ML006');
Insert into THUCDON (MAMON,TENMON,GIA,KICHCO,TRANGTHAI,MOTA,PHANLOAIMALOAI) values ('TD035','S·ªØa chua n·∫øp c·∫©m',15000,'M','01','S·ªØa chua n·∫øp c·∫©m trong tay. Nh·ªØng h·∫°t n·∫øp c·∫©m th∆°m b√πi ƒÉn c√πng s·ªØa chua d·∫ªo tr·∫Øng m·ªãn l·∫°i c√≤n ƒë∆∞·ª£c th√™m n∆∞·ªõc c·ªët d·ª´a tr√¢n ch√¢u n·ªØa!','ML006');
REM INSERTING into XUATNGUYENLIEU
SET DEFINE OFF;
Insert into XUATNGUYENLIEU (MAXUAT,NGAYXUAT,NHANVIENMANV) values ('MX001',to_date('20-APR-23','DD-MON-RR'),'NV001');
Insert into XUATNGUYENLIEU (MAXUAT,NGAYXUAT,NHANVIENMANV) values ('MX002',to_date('28-JUN-23','DD-MON-RR'),'NV003');
Insert into XUATNGUYENLIEU (MAXUAT,NGAYXUAT,NHANVIENMANV) values ('MX003',to_date('10-DEC-23','DD-MON-RR'),'NV004');
Insert into XUATNGUYENLIEU (MAXUAT,NGAYXUAT,NHANVIENMANV) values ('MX004',to_date('22-SEP-23','DD-MON-RR'),'NV009');
Insert into XUATNGUYENLIEU (MAXUAT,NGAYXUAT,NHANVIENMANV) values ('MX005',to_date('11-FEB-23','DD-MON-RR'),'NV010');
Insert into XUATNGUYENLIEU (MAXUAT,NGAYXUAT,NHANVIENMANV) values ('MX006',to_date('12-JUN-23','DD-MON-RR'),'NV008');
Insert into XUATNGUYENLIEU (MAXUAT,NGAYXUAT,NHANVIENMANV) values ('MX007',to_date('16-AUG-23','DD-MON-RR'),'NV001');
Insert into XUATNGUYENLIEU (MAXUAT,NGAYXUAT,NHANVIENMANV) values ('MX008',to_date('17-OCT-23','DD-MON-RR'),'NV009');
Insert into XUATNGUYENLIEU (MAXUAT,NGAYXUAT,NHANVIENMANV) values ('MX009',to_date('03-MAR-23','DD-MON-RR'),'NV002');
Insert into XUATNGUYENLIEU (MAXUAT,NGAYXUAT,NHANVIENMANV) values ('MX010',to_date('17-OCT-23','DD-MON-RR'),'NV004');
Insert into XUATNGUYENLIEU (MAXUAT,NGAYXUAT,NHANVIENMANV) values ('MX011',to_date('21-JUL-23','DD-MON-RR'),'NV004');
Insert into XUATNGUYENLIEU (MAXUAT,NGAYXUAT,NHANVIENMANV) values ('MX012',to_date('20-APR-23','DD-MON-RR'),'NV009');
Insert into XUATNGUYENLIEU (MAXUAT,NGAYXUAT,NHANVIENMANV) values ('MX013',to_date('20-APR-23','DD-MON-RR'),'NV009');
Insert into XUATNGUYENLIEU (MAXUAT,NGAYXUAT,NHANVIENMANV) values ('MX014',to_date('20-APR-23','DD-MON-RR'),'NV002');
Insert into XUATNGUYENLIEU (MAXUAT,NGAYXUAT,NHANVIENMANV) values ('MX015',to_date('12-JUN-23','DD-MON-RR'),'NV008');
Insert into XUATNGUYENLIEU (MAXUAT,NGAYXUAT,NHANVIENMANV) values ('MX016',to_date('21-JUL-23','DD-MON-RR'),'NV007');
Insert into XUATNGUYENLIEU (MAXUAT,NGAYXUAT,NHANVIENMANV) values ('MX017',to_date('05-JAN-23','DD-MON-RR'),'NV007');
Insert into XUATNGUYENLIEU (MAXUAT,NGAYXUAT,NHANVIENMANV) values ('MX018',to_date('23-MAY-23','DD-MON-RR'),'NV005');
Insert into XUATNGUYENLIEU (MAXUAT,NGAYXUAT,NHANVIENMANV) values ('MX019',to_date('26-JUN-23','DD-MON-RR'),'NV006');
Insert into XUATNGUYENLIEU (MAXUAT,NGAYXUAT,NHANVIENMANV) values ('MX020',to_date('21-JUL-23','DD-MON-RR'),'NV010');
Insert into XUATNGUYENLIEU (MAXUAT,NGAYXUAT,NHANVIENMANV) values ('MX021',to_date('21-JUL-23','DD-MON-RR'),'NV001');
Insert into XUATNGUYENLIEU (MAXUAT,NGAYXUAT,NHANVIENMANV) values ('MX022',to_date('23-MAY-23','DD-MON-RR'),'NV006');
Insert into XUATNGUYENLIEU (MAXUAT,NGAYXUAT,NHANVIENMANV) values ('MX023',to_date('21-JUL-23','DD-MON-RR'),'NV010');
Insert into XUATNGUYENLIEU (MAXUAT,NGAYXUAT,NHANVIENMANV) values ('MX024',to_date('21-JUL-23','DD-MON-RR'),'NV008');
--------------------------------------------------------
--  DDL for Index SYS_C0010013
--------------------------------------------------------

  CREATE UNIQUE INDEX "SYS_C0010013" ON "CHITIETHOADON" ("HOADONMAHD", "THUCDONMAMON") 
  PCTFREE 10 INITRANS 2 MAXTRANS 255 COMPUTE STATISTICS 
  STORAGE(INITIAL 65536 NEXT 1048576 MINEXTENTS 1 MAXEXTENTS 2147483645
  PCTINCREASE 0 FREELISTS 1 FREELIST GROUPS 1
  BUFFER_POOL DEFAULT FLASH_CACHE DEFAULT CELL_FLASH_CACHE DEFAULT)
  TABLESPACE "USERS" ;
--------------------------------------------------------
--  DDL for Index SYS_C0010028
--------------------------------------------------------

  CREATE UNIQUE INDEX "SYS_C0010028" ON "CHITIETPHIEUNHAP" ("NGUYENLIEUMANL", "PHIEUNHAPMAPN") 
  PCTFREE 10 INITRANS 2 MAXTRANS 255 COMPUTE STATISTICS 
  STORAGE(INITIAL 65536 NEXT 1048576 MINEXTENTS 1 MAXEXTENTS 2147483645
  PCTINCREASE 0 FREELISTS 1 FREELIST GROUPS 1
  BUFFER_POOL DEFAULT FLASH_CACHE DEFAULT CELL_FLASH_CACHE DEFAULT)
  TABLESPACE "USERS" ;
--------------------------------------------------------
--  DDL for Index SYS_C0010041
--------------------------------------------------------

  CREATE UNIQUE INDEX "SYS_C0010041" ON "CHITIETXUAT" ("KHONGUYENLIEUMANL", "XUATNGUYENLIEUMAXUAT") 
  PCTFREE 10 INITRANS 2 MAXTRANS 255 COMPUTE STATISTICS 
  STORAGE(INITIAL 65536 NEXT 1048576 MINEXTENTS 1 MAXEXTENTS 2147483645
  PCTINCREASE 0 FREELISTS 1 FREELIST GROUPS 1
  BUFFER_POOL DEFAULT FLASH_CACHE DEFAULT CELL_FLASH_CACHE DEFAULT)
  TABLESPACE "USERS" ;
--------------------------------------------------------
--  DDL for Index SYS_C0010004
--------------------------------------------------------

  CREATE UNIQUE INDEX "SYS_C0010004" ON "HOADON" ("MAHD") 
  PCTFREE 10 INITRANS 2 MAXTRANS 255 COMPUTE STATISTICS 
  STORAGE(INITIAL 65536 NEXT 1048576 MINEXTENTS 1 MAXEXTENTS 2147483645
  PCTINCREASE 0 FREELISTS 1 FREELIST GROUPS 1
  BUFFER_POOL DEFAULT FLASH_CACHE DEFAULT CELL_FLASH_CACHE DEFAULT)
  TABLESPACE "USERS" ;
--------------------------------------------------------
--  DDL for Index SYS_C0010017
--------------------------------------------------------

  CREATE UNIQUE INDEX "SYS_C0010017" ON "KHACHHANG" ("MAKH") 
  PCTFREE 10 INITRANS 2 MAXTRANS 255 COMPUTE STATISTICS 
  STORAGE(INITIAL 65536 NEXT 1048576 MINEXTENTS 1 MAXEXTENTS 2147483645
  PCTINCREASE 0 FREELISTS 1 FREELIST GROUPS 1
  BUFFER_POOL DEFAULT FLASH_CACHE DEFAULT CELL_FLASH_CACHE DEFAULT)
  TABLESPACE "USERS" ;
 
--------------------------------------------------------
--  DDL for Index SYS_C0010025
--------------------------------------------------------

  CREATE UNIQUE INDEX "SYS_C0010025" ON "KHONGUYENLIEU" ("MANL") 
  PCTFREE 10 INITRANS 2 MAXTRANS 255 COMPUTE STATISTICS 
  STORAGE(INITIAL 65536 NEXT 1048576 MINEXTENTS 1 MAXEXTENTS 2147483645
  PCTINCREASE 0 FREELISTS 1 FREELIST GROUPS 1
  BUFFER_POOL DEFAULT FLASH_CACHE DEFAULT CELL_FLASH_CACHE DEFAULT)
  TABLESPACE "USERS" ;
--------------------------------------------------------
--  DDL for Index SYS_C0010015
--------------------------------------------------------

  CREATE UNIQUE INDEX "SYS_C0010015" ON "KHUYENMAI" ("MAKM") 
  PCTFREE 10 INITRANS 2 MAXTRANS 255 COMPUTE STATISTICS 
  STORAGE(INITIAL 65536 NEXT 1048576 MINEXTENTS 1 MAXEXTENTS 2147483645
  PCTINCREASE 0 FREELISTS 1 FREELIST GROUPS 1
  BUFFER_POOL DEFAULT FLASH_CACHE DEFAULT CELL_FLASH_CACHE DEFAULT)
  TABLESPACE "USERS" ;
--------------------------------------------------------
--  DDL for Index SYS_C0010038
--------------------------------------------------------

  CREATE UNIQUE INDEX "SYS_C0010038" ON "NHANVIEN" ("MANV") 
  PCTFREE 10 INITRANS 2 MAXTRANS 255 COMPUTE STATISTICS 
  STORAGE(INITIAL 65536 NEXT 1048576 MINEXTENTS 1 MAXEXTENTS 2147483645
  PCTINCREASE 0 FREELISTS 1 FREELIST GROUPS 1
  BUFFER_POOL DEFAULT FLASH_CACHE DEFAULT CELL_FLASH_CACHE DEFAULT)
  TABLESPACE "USERS" ;
--------------------------------------------------------
--  DDL for Index SYS_C0010009
--------------------------------------------------------

  CREATE UNIQUE INDEX "SYS_C0010009" ON "PHANLOAI" ("MALOAI") 
  PCTFREE 10 INITRANS 2 MAXTRANS 255 COMPUTE STATISTICS 
  STORAGE(INITIAL 65536 NEXT 1048576 MINEXTENTS 1 MAXEXTENTS 2147483645
  PCTINCREASE 0 FREELISTS 1 FREELIST GROUPS 1
  BUFFER_POOL DEFAULT FLASH_CACHE DEFAULT CELL_FLASH_CACHE DEFAULT)
  TABLESPACE "USERS" ;
--------------------------------------------------------
--  DDL for Index SYS_C0010021
--------------------------------------------------------

  CREATE UNIQUE INDEX "SYS_C0010021" ON "PHIEUNHAP" ("MAPN") 
  PCTFREE 10 INITRANS 2 MAXTRANS 255 COMPUTE STATISTICS 
  STORAGE(INITIAL 65536 NEXT 1048576 MINEXTENTS 1 MAXEXTENTS 2147483645
  PCTINCREASE 0 FREELISTS 1 FREELIST GROUPS 1
  BUFFER_POOL DEFAULT FLASH_CACHE DEFAULT CELL_FLASH_CACHE DEFAULT)
  TABLESPACE "USERS" ;
--------------------------------------------------------
--  DDL for Index SYS_C0010007
--------------------------------------------------------

  CREATE UNIQUE INDEX "SYS_C0010007" ON "THUCDON" ("MAMON") 
  PCTFREE 10 INITRANS 2 MAXTRANS 255 COMPUTE STATISTICS 
  STORAGE(INITIAL 65536 NEXT 1048576 MINEXTENTS 1 MAXEXTENTS 2147483645
  PCTINCREASE 0 FREELISTS 1 FREELIST GROUPS 1
  BUFFER_POOL DEFAULT FLASH_CACHE DEFAULT CELL_FLASH_CACHE DEFAULT)
  TABLESPACE "USERS" ;
--------------------------------------------------------
--  DDL for Index SYS_C0010034
--------------------------------------------------------

  CREATE UNIQUE INDEX "SYS_C0010034" ON "XUATNGUYENLIEU" ("MAXUAT") 
  PCTFREE 10 INITRANS 2 MAXTRANS 255 COMPUTE STATISTICS 
  STORAGE(INITIAL 65536 NEXT 1048576 MINEXTENTS 1 MAXEXTENTS 2147483645
  PCTINCREASE 0 FREELISTS 1 FREELIST GROUPS 1
  BUFFER_POOL DEFAULT FLASH_CACHE DEFAULT CELL_FLASH_CACHE DEFAULT)
  TABLESPACE "USERS" ;
--------------------------------------------------------
--  Constraints for Table CHITIETHOADON
--------------------------------------------------------

  ALTER TABLE "CHITIETHOADON" ADD PRIMARY KEY ("HOADONMAHD", "THUCDONMAMON")
  USING INDEX PCTFREE 10 INITRANS 2 MAXTRANS 255 COMPUTE STATISTICS 
  STORAGE(INITIAL 65536 NEXT 1048576 MINEXTENTS 1 MAXEXTENTS 2147483645
  PCTINCREASE 0 FREELISTS 1 FREELIST GROUPS 1
  BUFFER_POOL DEFAULT FLASH_CACHE DEFAULT CELL_FLASH_CACHE DEFAULT)
  TABLESPACE "USERS"  ENABLE;
  ALTER TABLE "CHITIETHOADON" MODIFY ("THUCDONMAMON" NOT NULL ENABLE);
  ALTER TABLE "CHITIETHOADON" MODIFY ("HOADONMAHD" NOT NULL ENABLE);
  ALTER TABLE "CHITIETHOADON" MODIFY ("SOLUONG" NOT NULL ENABLE);
--------------------------------------------------------
--  Constraints for Table CHITIETPHIEUNHAP
--------------------------------------------------------

  ALTER TABLE "CHITIETPHIEUNHAP" ADD PRIMARY KEY ("NGUYENLIEUMANL", "PHIEUNHAPMAPN")
  USING INDEX PCTFREE 10 INITRANS 2 MAXTRANS 255 COMPUTE STATISTICS 
  STORAGE(INITIAL 65536 NEXT 1048576 MINEXTENTS 1 MAXEXTENTS 2147483645
  PCTINCREASE 0 FREELISTS 1 FREELIST GROUPS 1
  BUFFER_POOL DEFAULT FLASH_CACHE DEFAULT CELL_FLASH_CACHE DEFAULT)
  TABLESPACE "USERS"  ENABLE;
  ALTER TABLE "CHITIETPHIEUNHAP" MODIFY ("PHIEUNHAPMAPN" NOT NULL ENABLE);
  ALTER TABLE "CHITIETPHIEUNHAP" MODIFY ("NGUYENLIEUMANL" NOT NULL ENABLE);
--------------------------------------------------------
--  Constraints for Table CHITIETXUAT
--------------------------------------------------------

  ALTER TABLE "CHITIETXUAT" ADD PRIMARY KEY ("KHONGUYENLIEUMANL", "XUATNGUYENLIEUMAXUAT")
  USING INDEX PCTFREE 10 INITRANS 2 MAXTRANS 255 COMPUTE STATISTICS 
  STORAGE(INITIAL 65536 NEXT 1048576 MINEXTENTS 1 MAXEXTENTS 2147483645
  PCTINCREASE 0 FREELISTS 1 FREELIST GROUPS 1
  BUFFER_POOL DEFAULT FLASH_CACHE DEFAULT CELL_FLASH_CACHE DEFAULT)
  TABLESPACE "USERS"  ENABLE;
  ALTER TABLE "CHITIETXUAT" MODIFY ("XUATNGUYENLIEUMAXUAT" NOT NULL ENABLE);
  ALTER TABLE "CHITIETXUAT" MODIFY ("KHONGUYENLIEUMANL" NOT NULL ENABLE);
--------------------------------------------------------
--  Constraints for Table HOADON
--------------------------------------------------------

  ALTER TABLE "HOADON" ADD PRIMARY KEY ("MAHD")
  USING INDEX PCTFREE 10 INITRANS 2 MAXTRANS 255 COMPUTE STATISTICS 
  STORAGE(INITIAL 65536 NEXT 1048576 MINEXTENTS 1 MAXEXTENTS 2147483645
  PCTINCREASE 0 FREELISTS 1 FREELIST GROUPS 1
  BUFFER_POOL DEFAULT FLASH_CACHE DEFAULT CELL_FLASH_CACHE DEFAULT)
  TABLESPACE "USERS"  ENABLE;
  ALTER TABLE "HOADON" MODIFY ("NHANVIENMANV" NOT NULL ENABLE);
  ALTER TABLE "HOADON" MODIFY ("KHACHHANGMAKH" NOT NULL ENABLE);
  ALTER TABLE "HOADON" MODIFY ("NGAYLAP" NOT NULL ENABLE);
  ALTER TABLE "HOADON" MODIFY ("MAHD" NOT NULL ENABLE);
--------------------------------------------------------
--  Constraints for Table KHACHHANG
--------------------------------------------------------

  ALTER TABLE "KHACHHANG" ADD PRIMARY KEY ("MAKH")
  USING INDEX PCTFREE 10 INITRANS 2 MAXTRANS 255 COMPUTE STATISTICS 
  STORAGE(INITIAL 65536 NEXT 1048576 MINEXTENTS 1 MAXEXTENTS 2147483645
  PCTINCREASE 0 FREELISTS 1 FREELIST GROUPS 1
  BUFFER_POOL DEFAULT FLASH_CACHE DEFAULT CELL_FLASH_CACHE DEFAULT)
  TABLESPACE "USERS"  ENABLE;
  ALTER TABLE "KHACHHANG" MODIFY ("MAKH" NOT NULL ENABLE);
--------------------------------------------------------
--  Constraints for Table KHONGUYENLIEU
--------------------------------------------------------

  ALTER TABLE "KHONGUYENLIEU" ADD PRIMARY KEY ("MANL")
  USING INDEX PCTFREE 10 INITRANS 2 MAXTRANS 255 COMPUTE STATISTICS 
  STORAGE(INITIAL 65536 NEXT 1048576 MINEXTENTS 1 MAXEXTENTS 2147483645
  PCTINCREASE 0 FREELISTS 1 FREELIST GROUPS 1
  BUFFER_POOL DEFAULT FLASH_CACHE DEFAULT CELL_FLASH_CACHE DEFAULT)
  TABLESPACE "USERS"  ENABLE;
  ALTER TABLE "KHONGUYENLIEU" MODIFY ("DONVI" NOT NULL ENABLE);
  ALTER TABLE "KHONGUYENLIEU" MODIFY ("SOLUONG" NOT NULL ENABLE);
  ALTER TABLE "KHONGUYENLIEU" MODIFY ("MANL" NOT NULL ENABLE);
--------------------------------------------------------
--  Constraints for Table KHUYENMAI
--------------------------------------------------------

  ALTER TABLE "KHUYENMAI" ADD PRIMARY KEY ("MAKM")
  USING INDEX PCTFREE 10 INITRANS 2 MAXTRANS 255 COMPUTE STATISTICS 
  STORAGE(INITIAL 65536 NEXT 1048576 MINEXTENTS 1 MAXEXTENTS 2147483645
  PCTINCREASE 0 FREELISTS 1 FREELIST GROUPS 1
  BUFFER_POOL DEFAULT FLASH_CACHE DEFAULT CELL_FLASH_CACHE DEFAULT)
  TABLESPACE "USERS"  ENABLE;
  ALTER TABLE "KHUYENMAI" MODIFY ("MAKM" NOT NULL ENABLE);
--------------------------------------------------------
--  Constraints for Table NHANVIEN
--------------------------------------------------------

  ALTER TABLE "NHANVIEN" ADD PRIMARY KEY ("MANV")
  USING INDEX PCTFREE 10 INITRANS 2 MAXTRANS 255 COMPUTE STATISTICS 
  STORAGE(INITIAL 65536 NEXT 1048576 MINEXTENTS 1 MAXEXTENTS 2147483645
  PCTINCREASE 0 FREELISTS 1 FREELIST GROUPS 1
  BUFFER_POOL DEFAULT FLASH_CACHE DEFAULT CELL_FLASH_CACHE DEFAULT)
  TABLESPACE "USERS"  ENABLE;
  ALTER TABLE "NHANVIEN" MODIFY ("MANV" NOT NULL ENABLE);
--------------------------------------------------------
--  Constraints for Table PHANLOAI
--------------------------------------------------------

  ALTER TABLE "PHANLOAI" ADD PRIMARY KEY ("MALOAI")
  USING INDEX PCTFREE 10 INITRANS 2 MAXTRANS 255 COMPUTE STATISTICS 
  STORAGE(INITIAL 65536 NEXT 1048576 MINEXTENTS 1 MAXEXTENTS 2147483645
  PCTINCREASE 0 FREELISTS 1 FREELIST GROUPS 1
  BUFFER_POOL DEFAULT FLASH_CACHE DEFAULT CELL_FLASH_CACHE DEFAULT)
  TABLESPACE "USERS"  ENABLE;
  ALTER TABLE "PHANLOAI" MODIFY ("MALOAI" NOT NULL ENABLE);
--------------------------------------------------------
--  Constraints for Table PHIEUNHAP
--------------------------------------------------------

  ALTER TABLE "PHIEUNHAP" ADD PRIMARY KEY ("MAPN")
  USING INDEX PCTFREE 10 INITRANS 2 MAXTRANS 255 COMPUTE STATISTICS 
  STORAGE(INITIAL 65536 NEXT 1048576 MINEXTENTS 1 MAXEXTENTS 2147483645
  PCTINCREASE 0 FREELISTS 1 FREELIST GROUPS 1
  BUFFER_POOL DEFAULT FLASH_CACHE DEFAULT CELL_FLASH_CACHE DEFAULT)
  TABLESPACE "USERS"  ENABLE;
  ALTER TABLE "PHIEUNHAP" MODIFY ("NHANVIENMANV" NOT NULL ENABLE);
  ALTER TABLE "PHIEUNHAP" MODIFY ("NGAYNHAP" NOT NULL ENABLE);
  ALTER TABLE "PHIEUNHAP" MODIFY ("MAPN" NOT NULL ENABLE);
--------------------------------------------------------
--  Constraints for Table THUCDON
--------------------------------------------------------

  ALTER TABLE "THUCDON" ADD PRIMARY KEY ("MAMON")
  USING INDEX PCTFREE 10 INITRANS 2 MAXTRANS 255 COMPUTE STATISTICS 
  STORAGE(INITIAL 65536 NEXT 1048576 MINEXTENTS 1 MAXEXTENTS 2147483645
  PCTINCREASE 0 FREELISTS 1 FREELIST GROUPS 1
  BUFFER_POOL DEFAULT FLASH_CACHE DEFAULT CELL_FLASH_CACHE DEFAULT)
  TABLESPACE "USERS"  ENABLE;
  ALTER TABLE "THUCDON" MODIFY ("PHANLOAIMALOAI" NOT NULL ENABLE);
  ALTER TABLE "THUCDON" MODIFY ("MAMON" NOT NULL ENABLE);
--------------------------------------------------------
--  Constraints for Table XUATNGUYENLIEU
--------------------------------------------------------

  ALTER TABLE "XUATNGUYENLIEU" ADD PRIMARY KEY ("MAXUAT")
  USING INDEX PCTFREE 10 INITRANS 2 MAXTRANS 255 COMPUTE STATISTICS 
  STORAGE(INITIAL 65536 NEXT 1048576 MINEXTENTS 1 MAXEXTENTS 2147483645
  PCTINCREASE 0 FREELISTS 1 FREELIST GROUPS 1
  BUFFER_POOL DEFAULT FLASH_CACHE DEFAULT CELL_FLASH_CACHE DEFAULT)
  TABLESPACE "USERS"  ENABLE;
  ALTER TABLE "XUATNGUYENLIEU" MODIFY ("NHANVIENMANV" NOT NULL ENABLE);
  ALTER TABLE "XUATNGUYENLIEU" MODIFY ("MAXUAT" NOT NULL ENABLE);
--------------------------------------------------------
--  Ref Constraints for Table CHITIETHOADON
--------------------------------------------------------

  ALTER TABLE "CHITIETHOADON" ADD CONSTRAINT "C√ì" FOREIGN KEY ("HOADONMAHD")
	  REFERENCES "HOADON" ("MAHD") ENABLE;
  ALTER TABLE "CHITIETHOADON" ADD CONSTRAINT "TRONG" FOREIGN KEY ("THUCDONMAMON")
	  REFERENCES "THUCDON" ("MAMON") ENABLE;
--------------------------------------------------------
--  Ref Constraints for Table CHITIETPHIEUNHAP
--------------------------------------------------------

  ALTER TABLE "CHITIETPHIEUNHAP" ADD CONSTRAINT "Bao g·ªìm" FOREIGN KEY ("PHIEUNHAPMAPN")
	  REFERENCES "PHIEUNHAP" ("MAPN") ENABLE;
  ALTER TABLE "CHITIETPHIEUNHAP" ADD CONSTRAINT "NH·∫¨P" FOREIGN KEY ("NGUYENLIEUMANL")
	  REFERENCES "KHONGUYENLIEU" ("MANL") ENABLE;
--------------------------------------------------------
--  Ref Constraints for Table CHITIETXUAT
--------------------------------------------------------

  ALTER TABLE "CHITIETXUAT" ADD CONSTRAINT "VOI" FOREIGN KEY ("XUATNGUYENLIEUMAXUAT")
	  REFERENCES "XUATNGUYENLIEU" ("MAXUAT") ENABLE;
  ALTER TABLE "CHITIETXUAT" ADD CONSTRAINT "XU·∫§T" FOREIGN KEY ("KHONGUYENLIEUMANL")
	  REFERENCES "KHONGUYENLIEU" ("MANL") ENABLE;
--------------------------------------------------------
--  Ref Constraints for Table HOADON
--------------------------------------------------------

  ALTER TABLE "HOADON" ADD CONSTRAINT "In" FOREIGN KEY ("NHANVIENMANV")
	  REFERENCES "NHANVIEN" ("MANV") ENABLE;
  ALTER TABLE "HOADON" ADD CONSTRAINT "Thanh To√°n" FOREIGN KEY ("KHACHHANGMAKH")
	  REFERENCES "KHACHHANG" ("MAKH") ENABLE;
  ALTER TABLE "HOADON" ADD CONSTRAINT "√?p d·ª•ng" FOREIGN KEY ("KHUYENMAIMAKM")
	  REFERENCES "KHUYENMAI" ("MAKM") ENABLE;
--------------------------------------------------------
--  Ref Constraints for Table PHIEUNHAP
--------------------------------------------------------

  ALTER TABLE "PHIEUNHAP" ADD CONSTRAINT "Th·ª±c Hi·ªán" FOREIGN KEY ("NHANVIENMANV")
	  REFERENCES "NHANVIEN" ("MANV") ENABLE;
--------------------------------------------------------
--  Ref Constraints for Table THUCDON
--------------------------------------------------------

  ALTER TABLE "THUCDON" ADD CONSTRAINT "THU·ªòC" FOREIGN KEY ("PHANLOAIMALOAI")
	  REFERENCES "PHANLOAI" ("MALOAI") ENABLE;
--------------------------------------------------------
--  Ref Constraints for Table XUATNGUYENLIEU
--------------------------------------------------------

  ALTER TABLE "XUATNGUYENLIEU" ADD CONSTRAINT "Y√™u C·∫ßu" FOREIGN KEY ("NHANVIENMANV")
	  REFERENCES "NHANVIEN" ("MANV") ENABLE;


--t·∫°o profile
Create Profile KhachHang LIMIT
                                            FAILED_LOGIN_ATTEMPTS 3
                                            PASSWORD_LIFE_TIME 90
                                            IDLE_TIME 5
                                            SESSIONS_PER_USER 2
                                            PASSWORD_REUSE_TIME  30
                                            PASSWORD_REUSE_MAX  3
                                            PASSWORD_GRACE_TIME 5
                                            PASSWORD_LOCK_TIME  30
                                        
--t·∫°o use vs profile
CREATE USER Kun1 IDENTIFIED BY kun123 PROFILE KhachHang;
--c·∫•p quy·ª?n
GRANT CREATE SESSION TO Nghiakun ;
GRANT CREATE TABLE TO Nghiakun;
GRANT UNLIMITED TABLESPACE TO Nghiakun;
--
GRANT CONNECT TO nguoidung1;


commit work;
ALTER USER nguoidung1 IDENTIFIED BY abc1234;
---l·ªánh check user h·∫øt h·∫°n 
SELECT USERNAME, ACCOUNT_STATUS FROM DBA_USERS WHERE USERNAME = 'nguoidung1';

    Drop user kun1 cascade
    CREATE USER Kun1 IDENTIFIED BY kun123
---
SELECT 
  * 
FROM 
    dba_profiles
WHERE 
    PROFILE = 'DEFAULT'
